completed_turns,alive_cells
1,6551
2,6552
3,6598
4,6592
5,6712
6,6635
7,6742
8,6658
9,6738
10,6704
11,6714
12,6710
13,6778
14,6743
15,6760
16,6751
17,6785
18,6793
19,6813
20,6841
21,6765
22,6787
23,6779
24,6756
25,6810
26,6676
27,6727
28,6704
29,6752
30,6699
31,6655
32,6739
33,6729
34,6793
35,6718
36,6743
37,6744
38,6782
39,6739
40,6741
41,6772
42,6843
43,6825
44,6948
45,6780
46,6836
47,6727
48,6871
49,6850
50,6943
51,6919
52,6970
53,6913
54,6975
55,6829
56,6935
57,6872
58,6880
59,6948
60,6877
61,6899
62,6896
63,6876
64,6839
65,6808
66,6772
67,6840
68,6785
69,6802
70,6829
71,6736
72,6705
73,6752
74,6746
75,6699
76,6695
77,6756
78,6658
79,6627
80,6583
81,6521
82,6596
83,6683
84,6691
85,6549
86,6613
87,6591
88,6566
89,6528
90,6573
91,6613
92,6578
93,6678
94,6595
95,6711
96,6657
97,6669
98,6608
99,6627
100,6645
101,6597
102,6626
103,6639
104,6620
105,6687
106,6697
107,6746
108,6821
109,6868
110,6828
111,6801
112,6849
113,6899
114,6859
115,6854
116,6926
117,6912
118,6859
119,6872
120,6912
121,6822
122,6783
123,6785
124,6767
125,6723
126,6706
127,6677
128,6663
129,6682
130,6619
131,6569
132,6554
133,6617
134,6728
135,6742
136,6778
137,6754
138,6817
139,6761
140,6727
141,6810
142,6764
143,6736
144,6650
145,6760
146,6683
147,6744
148,6752
149,6713
150,6753
151,6744
152,6863
153,6795
154,6886
155,6796
156,6761
157,6814
158,6776
159,6805
160,6763
161,6873
162,6763
163,6724
164,6646
165,6686
166,6688
167,6731
168,6666
169,6583
170,6699
171,6613
172,6592
173,6645
174,6737
175,6796
176,6761
177,6817
178,6734
179,6705
180,6647
181,6718
182,6658
183,6645
184,6686
185,6623
186,6659
187,6712
188,6628
189,6682
190,6671
191,6760
192,6737
193,6749
194,6711
195,6755
196,6716
197,6672
198,6791
199,6853
200,6815
201,6901
202,6902
203,6913
204,6877
205,6924
206,6832
207,6850
208,6782
209,6805
210,6799
211,6815
212,6822
213,6797
214,6800
215,6788
216,6841
217,6823
218,6732
219,6655
220,6675
221,6683
222,6729
223,6697
224,6700
225,6714
226,6682
227,6679
228,6703
229,6682
230,6666
231,6639
232,6652
233,6699
234,6678
235,6693
236,6618
237,6597
238,6622
239,6625
240,6587
241,6580
242,6584
243,6620
244,6706
245,6716
246,6749
247,6765
248,6778
249,6782
250,6697
251,6702
252,6617
253,6726
254,6779
255,6867
256,6871
257,6759
258,6794
259,6830
260,6802
261,6775
262,6861
263,6761
264,6765
265,6752
266,6866
267,6744
268,6830
269,6827
270,6851
271,6894
272,6894
273,6921
274,6989
275,7031
276,6973
277,6984
278,6984
279,6927
280,6985
281,6995
282,6963
283,6928
284,6972
285,7011
286,7118
287,7100
288,7148
289,7111
290,7118
291,7085
292,7034
293,7016
294,7074
295,7004
296,7030
297,7026
298,7097
299,7083
300,7114
301,7092
302,7076
303,7113
304,7106
305,6974
306,6933
307,6977
308,6982
309,6929
310,6883
311,6868
312,6817
313,6773
314,6754
315,6745
316,6728
317,6724
318,6739
319,6691
320,6668
321,6624
322,6684
323,6604
324,6544
325,6539
326,6571
327,6555
328,6489
329,6522
330,6486
331,6457
332,6461
333,6493
334,6479
335,6439
336,6447
337,6421
338,6506
339,6553
340,6531
341,6521
342,6574
343,6535
344,6615
345,6641
346,6715
347,6725
348,6771
349,6709
350,6680
351,6739
352,6732
353,6715
354,6761
355,6752
356,6690
357,6734
358,6688
359,6657
360,6649
361,6748
362,6743
363,6853
364,6797
365,6773
366,6807
367,6837
368,6854
369,6827
370,6918
371,6941
372,7078
373,7008
374,7013
375,6929
376,6872
377,6927
378,6915
379,6905
380,7004
381,7000
382,6973
383,6861
384,6841
385,6850
386,6808
387,6929
388,6842
389,6855
390,6866
391,6844
392,6865
393,6963
394,6933
395,6944
396,7028
397,6977
398,7015
399,7035
400,7103
401,7062
402,7087
403,7089
404,7111
405,7134
406,7184
407,7125
408,7059
409,7059
410,7025
411,6925
412,6906
413,6980
414,6941
415,6997
416,6975
417,7029
418,7041
419,6991
420,7048
421,7118
422,7099
423,7158
424,7029
425,6996
426,6821
427,6879
428,6846
429,6837
430,6700
431,6836
432,6798
433,6824
434,6826
435,6807
436,6820
437,6795
438,6845
439,6865
440,6828
441,6853
442,6844
443,6848
444,6811
445,6857
446,6747
447,6755
448,6749
449,6746
450,6694
451,6746
452,6712
453,6758
454,6794
455,6785
456,6852
457,6948
458,6893
459,6898
460,6878
461,6873
462,6820
463,6800
464,6711
465,6626
466,6652
467,6655
468,6685
469,6702
470,6631
471,6629
472,6629
473,6570
474,6541
475,6606
476,6611
477,6589
478,6559
479,6549
480,6497
481,6530
482,6481
483,6438
484,6439
485,6483
486,6497
487,6526
488,6456
489,6554
490,6514
491,6561
492,6586
493,6559
494,6601
495,6568
496,6615
497,6591
498,6613
499,6559
500,6587
501,6619
502,6636
503,6640
504,6613
505,6609
506,6533
507,6546
508,6546
509,6654
510,6512
511,6576
512,6499
513,6535
514,6541
515,6510
516,6563
517,6551
518,6595
519,6589
520,6542
521,6536
522,6543
523,6567
524,6539
525,6597
526,6519
527,6520
528,6492
529,6565
530,6514
531,6552
532,6524
533,6534
534,6529
535,6554
536,6596
537,6594
538,6581
539,6582
540,6562
541,6589
542,6559
543,6581
544,6512
545,6506
546,6464
547,6554
548,6475
549,6495
550,6503
551,6479
552,6512
553,6561
554,6586
555,6676
556,6691
557,6790
558,6814
559,6794
560,6798
561,6774
562,6759
563,6750
564,6688
565,6717
566,6614
567,6628
568,6595
569,6661
570,6614
571,6664
572,6687
573,6733
574,6655
575,6719
576,6669
577,6771
578,6725
579,6790
580,6698
581,6612
582,6626
583,6620
584,6569
585,6576
586,6488
587,6494
588,6434
589,6493
590,6427
591,6453
592,6423
593,6452
594,6358
595,6353
596,6384
597,6303
598,6329
599,6338
600,6299
601,6310
602,6350
603,6310
604,6350
605,6408
606,6394
607,6402
608,6356
609,6357
610,6379
611,6347
612,6442
613,6453
614,6467
615,6411
616,6418
617,6397
618,6348
619,6445
620,6419
621,6514
622,6495
623,6519
624,6431
625,6463
626,6431
627,6387
628,6364
629,6403
630,6523
631,6519
632,6505
633,6551
634,6496
635,6513
636,6425
637,6500
638,6395
639,6423
640,6447
641,6419
642,6392
643,6469
644,6471
645,6499
646,6579
647,6559
648,6593
649,6565
650,6577
651,6641
652,6653
653,6657
654,6643
655,6614
656,6613
657,6570
658,6596
659,6598
660,6613
661,6710
662,6626
663,6607
664,6631
665,6725
666,6730
667,6797
668,6707
669,6759
670,6803
671,6864
672,6898
673,6916
674,6929
675,6968
676,6861
677,6787
678,6794
679,6783
680,6866
681,6911
682,6846
683,6904
684,6874
685,6838
686,6833
687,6860
688,6901
689,6883
690,6883
691,6931
692,6972
693,6982
694,6915
695,6845
696,6814
697,6829
698,6849
699,6815
700,6824
701,6856
702,6840
703,6811
704,6871
705,6884
706,6890
707,6957
708,6932
709,6898
710,6971
711,7023
712,7079
713,7075
714,7009
715,7069
716,7060
717,7101
718,7079
719,7067
720,6996
721,7029
722,7014
723,6992
724,6963
725,6853
726,6824
727,6847
728,6819
729,6765
730,6775
731,6804
732,6774
733,6760
734,6823
735,6793
736,6764
737,6741
738,6714
739,6700
740,6726
741,6733
742,6817
743,6811
744,6875
745,6861
746,6842
747,6909
748,6863
749,6921
750,6954
751,6924
752,6952
753,6983
754,6946
755,6912
756,6810
757,6865
758,6793
759,6874
760,6827
761,6801
762,6875
763,6803
764,6813
765,6765
766,6792
767,6826
768,6716
769,6771
770,6783
771,6873
772,6799
773,6886
774,6853
775,6859
776,6845
777,6771
778,6830
779,6848
780,6835
781,6767
782,6820
783,6801
784,6830
785,6716
786,6730
787,6761
788,6791
789,6748
790,6751
791,6716
792,6740
793,6692
794,6774
795,6729
796,6654
797,6705
798,6714
799,6721
800,6691
801,6738
802,6726
803,6775
804,6726
805,6810
806,6675
807,6695
808,6675
809,6598
810,6607
811,6557
812,6596
813,6549
814,6536
815,6575
816,6554
817,6539
818,6500
819,6446
820,6410
821,6441
822,6365
823,6417
824,6463
825,6444
826,6444
827,6506
828,6450
829,6486
830,6488
831,6506
832,6480
833,6570
834,6483
835,6562
836,6521
837,6604
838,6498
839,6496
840,6465
841,6437
842,6415
843,6423
844,6451
845,6456
846,6462
847,6484
848,6376
849,6415
850,6364
851,6381
852,6374
853,6367
854,6396
855,6439
856,6436
857,6395
858,6439
859,6443
860,6506
861,6488
862,6527
863,6598
864,6570
865,6598
866,6537
867,6411
868,6439
869,6504
870,6477
871,6491
872,6560
873,6601
874,6602
875,6620
876,6607
877,6542
878,6548
879,6472
880,6478
881,6473
882,6475
883,6493
884,6560
885,6533
886,6579
887,6636
888,6588
889,6599
890,6549
891,6488
892,6511
893,6540
894,6488
895,6491
896,6478
897,6493
898,6558
899,6561
900,6559
901,6583
902,6575
903,6576
904,6576
905,6622
906,6585
907,6556
908,6630
909,6600
910,6599
911,6582
912,6673
913,6645
914,6642
915,6607
916,6612
917,6611
918,6605
919,6607
920,6581
921,6642
922,6632
923,6608
924,6543
925,6518
926,6541
927,6522
928,6580
929,6549
930,6510
931,6591
932,6538
933,6478
934,6509
935,6500
936,6541
937,6520
938,6520
939,6522
940,6440
941,6498
942,6484
943,6491
944,6484
945,6493
946,6509
947,6581
948,6497
949,6588
950,6494
951,6571
952,6490
953,6525
954,6519
955,6509
956,6488
957,6476
958,6367
959,6404
960,6424
961,6426
962,6444
963,6342
964,6380
965,6363
966,6334
967,6322
968,6296
969,6321
970,6365
971,6324
972,6342
973,6337
974,6410
975,6333
976,6392
977,6357
978,6400
979,6426
980,6466
981,6474
982,6475
983,6509
984,6466
985,6411
986,6389
987,6416
988,6423
989,6372
990,6430
991,6424
992,6439
993,6454
994,6428
995,6435
996,6394
997,6425
998,6412
999,6437
1000,6444
1001,6479
1002,6402
1003,6475
1004,6463
1005,6464
1006,6470
1007,6441
1008,6424
1009,6465
1010,6479
1011,6448
1012,6435
1013,6413
1014,6398
1015,6465
1016,6456
1017,6470
1018,6497
1019,6462
1020,6435
1021,6437
1022,6495
1023,6535
1024,6566
1025,6555
1026,6544
1027,6576
1028,6602
1029,6612
1030,6613
1031,6640
1032,6649
1033,6632
1034,6695
1035,6713
1036,6713
1037,6778
1038,6739
1039,6770
1040,6752
1041,6734
1042,6717
1043,6722
1044,6694
1045,6729
1046,6729
1047,6727
1048,6715
1049,6766
1050,6739
1051,6837
1052,6865
1053,6961
1054,6888
1055,7005
1056,6934
1057,6937
1058,6904
1059,6878
1060,6856
1061,6901
1062,6910
1063,6877
1064,6899
1065,6863
1066,6838
1067,6881
1068,6885
1069,6907
1070,6897
1071,6882
1072,6866
1073,6956
1074,6911
1075,6922
1076,6891
1077,6779
1078,6787
1079,6734
1080,6835
1081,6767
1082,6855
1083,6814
1084,6897
1085,6850
1086,6939
1087,6812
1088,6813
1089,6812
1090,6783
1091,6775
1092,6785
1093,6745
1094,6750
1095,6755
1096,6842
1097,6805
1098,6825
1099,6920
1100,6911
1101,6891
1102,6922
1103,6879
1104,6873
1105,6901
1106,6829
1107,6861
1108,6763
1109,6814
1110,6776
1111,6798
1112,6749
1113,6711
1114,6799
1115,6728
1116,6726
1117,6744
1118,6774
1119,6794
1120,6889
1121,6909
1122,6874
1123,6915
1124,6909
1125,6936
1126,6929
1127,6872
1128,6899
1129,6885
1130,6931
1131,6984
1132,6900
1133,6929
1134,6875
1135,6863
1136,6893
1137,6877
1138,6858
1139,6852
1140,6845
1141,6853
1142,6840
1143,6897
1144,6882
1145,6988
1146,6942
1147,7005
1148,6866
1149,6948
1150,6852
1151,6883
1152,6974
1153,6855
1154,6900
1155,6968
1156,6834
1157,6796
1158,6789
1159,6790
1160,6783
1161,6818
1162,6870
1163,6842
1164,6857
1165,6900
1166,6808
1167,6857
1168,6789
1169,6785
1170,6758
1171,6821
1172,6883
1173,6889
1174,6813
1175,6880
1176,6903
1177,6856
1178,6804
1179,6809
1180,6858
1181,6935
1182,6951
1183,6966
1184,6910
1185,6887
1186,6897
1187,6872
1188,6870
1189,6837
1190,6830
1191,6862
1192,6889
1193,6857
1194,6903
1195,6936
1196,6883
1197,6900
1198,6892
1199,6911
1200,6964
1201,6954
1202,6895
1203,6899
1204,7018
1205,7015
1206,7051
1207,7047
1208,6997
1209,7035
1210,6999
1211,7003
1212,6996
1213,6947
1214,6982
1215,6964
1216,6968
1217,6981
1218,6948
1219,7008
1220,6910
1221,6969
1222,6911
1223,6940
1224,6907
1225,6983
1226,6874
1227,6937
1228,6891
1229,6973
1230,6895
1231,6916
1232,6851
1233,6906
1234,6885
1235,6946
1236,6933
1237,6940
1238,6975
1239,6989
1240,6934
1241,6970
1242,6948
1243,7005
1244,6979
1245,7011
1246,6980
1247,6921
1248,6982
1249,6900
1250,6958
1251,6920
1252,6932
1253,6952
1254,6916
1255,6973
1256,7004
1257,6975
1258,6880
1259,6931
1260,6887
1261,6882
1262,6904
1263,6866
1264,6881
1265,6901
1266,6884
1267,6897
1268,6918
1269,6878
1270,6957
1271,6915
1272,6962
1273,6923
1274,6887
1275,6863
1276,6807
1277,6811
1278,6728
1279,6788
1280,6773
1281,6745
1282,6721
1283,6689
1284,6687
1285,6784
1286,6746
1287,6857
1288,6743
1289,6831
1290,6749
1291,6761
1292,6722
1293,6779
1294,6692
1295,6764
1296,6758
1297,6786
1298,6751
1299,6821
1300,6807
1301,6884
1302,6793
1303,6852
1304,6854
1305,6790
1306,6812
1307,6763
1308,6749
1309,6711
1310,6712
1311,6780
1312,6732
1313,6754
1314,6765
1315,6735
1316,6744
1317,6692
1318,6693
1319,6681
1320,6696
1321,6716
1322,6676
1323,6677
1324,6674
1325,6648
1326,6668
1327,6709
1328,6650
1329,6604
1330,6609
1331,6568
1332,6595
1333,6564
1334,6566
1335,6573
1336,6632
1337,6616
1338,6604
1339,6590
1340,6563
1341,6567
1342,6545
1343,6506
1344,6538
1345,6557
1346,6576
1347,6578
1348,6597
1349,6599
1350,6652
1351,6615
1352,6603
1353,6558
1354,6618
1355,6612
1356,6648
1357,6674
1358,6657
1359,6710
1360,6645
1361,6685
1362,6629
1363,6702
1364,6644
1365,6670
1366,6687
1367,6715
1368,6696
1369,6717
1370,6680
1371,6687
1372,6678
1373,6636
1374,6694
1375,6657
1376,6679
1377,6635
1378,6649
1379,6606
1380,6643
1381,6538
1382,6629
1383,6522
1384,6540
1385,6504
1386,6543
1387,6551
1388,6553
1389,6525
1390,6542
1391,6531
1392,6519
1393,6597
1394,6572
1395,6550
1396,6530
1397,6545
1398,6594
1399,6590
1400,6575
1401,6618
1402,6589
1403,6601
1404,6658
1405,6684
1406,6631
1407,6652
1408,6624
1409,6594
1410,6622
1411,6599
1412,6600
1413,6628
1414,6629
1415,6642
1416,6543
1417,6549
1418,6534
1419,6572
1420,6551
1421,6555
1422,6612
1423,6651
1424,6683
1425,6658
1426,6711
1427,6726
1428,6722
1429,6738
1430,6802
1431,6806
1432,6826
1433,6822
1434,6806
1435,6726
1436,6759
1437,6710
1438,6743
1439,6712
1440,6697
1441,6712
1442,6751
1443,6744
1444,6783
1445,6809
1446,6837
1447,6776
1448,6794
1449,6803
1450,6743
1451,6817
1452,6741
1453,6879
1454,6801
1455,6865
1456,6833
1457,6809
1458,6825
1459,6745
1460,6755
1461,6747
1462,6720
1463,6674
1464,6715
1465,6718
1466,6667
1467,6673
1468,6583
1469,6640
1470,6561
1471,6545
1472,6507
1473,6514
1474,6521
1475,6514
1476,6569
1477,6503
1478,6501
1479,6481
1480,6475
1481,6481
1482,6463
1483,6455
1484,6454
1485,6465
1486,6485
1487,6522
1488,6413
1489,6461
1490,6348
1491,6346
1492,6334
1493,6324
1494,6357
1495,6405
1496,6391
1497,6441
1498,6426
1499,6444
1500,6404
1501,6427
1502,6411
1503,6437
1504,6392
1505,6471
1506,6503
1507,6441
1508,6502
1509,6459
1510,6438
1511,6423
1512,6482
1513,6483
1514,6483
1515,6508
1516,6523
1517,6525
1518,6533
1519,6509
1520,6545
1521,6554
1522,6537
1523,6561
1524,6606
1525,6596
1526,6592
1527,6537
1528,6533
1529,6551
1530,6497
1531,6497
1532,6509
1533,6605
1534,6577
1535,6594
1536,6533
1537,6512
1538,6496
1539,6470
1540,6503
1541,6457
1542,6440
1543,6383
1544,6447
1545,6424
1546,6419
1547,6482
1548,6422
1549,6478
1550,6431
1551,6401
1552,6404
1553,6397
1554,6475
1555,6394
1556,6459
1557,6418
1558,6433
1559,6416
1560,6428
1561,6410
1562,6403
1563,6333
1564,6326
1565,6278
1566,6216
1567,6161
1568,6155
1569,6170
1570,6182
1571,6167
1572,6197
1573,6202
1574,6276
1575,6263
1576,6299
1577,6241
1578,6238
1579,6209
1580,6242
1581,6247
1582,6221
1583,6254
1584,6255
1585,6312
1586,6249
1587,6268
1588,6223
1589,6213
1590,6199
1591,6202
1592,6238
1593,6184
1594,6171
1595,6163
1596,6201
1597,6167
1598,6196
1599,6172
1600,6177
1601,6223
1602,6180
1603,6122
1604,6130
1605,6115
1606,6164
1607,6145
1608,6152
1609,6171
1610,6243
1611,6263
1612,6326
1613,6268
1614,6278
1615,6287
1616,6344
1617,6340
1618,6321
1619,6360
1620,6296
1621,6287
1622,6273
1623,6270
1624,6233
1625,6235
1626,6211
1627,6279
1628,6236
1629,6264
1630,6220
1631,6258
1632,6275
1633,6273
1634,6279
1635,6256
1636,6244
1637,6225
1638,6289
1639,6226
1640,6249
1641,6225
1642,6253
1643,6291
1644,6298
1645,6358
1646,6339
1647,6391
1648,6367
1649,6429
1650,6391
1651,6465
1652,6436
1653,6388
1654,6390
1655,6401
1656,6427
1657,6454
1658,6396
1659,6440
1660,6443
1661,6480
1662,6431
1663,6430
1664,6397
1665,6463
1666,6432
1667,6469
1668,6458
1669,6437
1670,6496
1671,6466
1672,6502
1673,6455
1674,6423
1675,6394
1676,6464
1677,6418
1678,6428
1679,6351
1680,6378
1681,6357
1682,6313
1683,6334
1684,6296
1685,6357
1686,6328
1687,6358
1688,6330
1689,6332
1690,6332
1691,6359
1692,6370
1693,6374
1694,6411
1695,6340
1696,6366
1697,6383
1698,6427
1699,6391
1700,6424
1701,6406
1702,6388
1703,6349
1704,6408
1705,6374
1706,6403
1707,6416
1708,6398
1709,6371
1710,6382
1711,6410
1712,6410
1713,6437
1714,6446
1715,6507
1716,6416
1717,6413
1718,6406
1719,6407
1720,6437
1721,6450
1722,6508
1723,6532
1724,6516
1725,6501
1726,6486
1727,6473
1728,6512
1729,6520
1730,6571
1731,6530
1732,6477
1733,6471
1734,6453
1735,6400
1736,6461
1737,6417
1738,6455
1739,6430
1740,6443
1741,6439
1742,6410
1743,6425
1744,6364
1745,6419
1746,6357
1747,6329
1748,6313
1749,6332
1750,6316
1751,6308
1752,6274
1753,6267
1754,6282
1755,6298
1756,6300
1757,6277
1758,6249
1759,6263
1760,6288
1761,6276
1762,6282
1763,6317
1764,6262
1765,6237
1766,6267
1767,6187
1768,6121
1769,6131
1770,6088
1771,6103
1772,6099
1773,6109
1774,6132
1775,6148
1776,6164
1777,6150
1778,6202
1779,6197
1780,6219
1781,6194
1782,6218
1783,6193
1784,6220
1785,6183
1786,6159
1787,6205
1788,6136
1789,6197
1790,6128
1791,6140
1792,6200
1793,6154
1794,6144
1795,6152
1796,6204
1797,6182
1798,6211
1799,6205
1800,6261
1801,6220
1802,6269
1803,6185
1804,6247
1805,6204
1806,6304
1807,6289
1808,6310
1809,6328
1810,6304
1811,6336
1812,6341
1813,6348
1814,6347
1815,6313
1816,6299
1817,6276
1818,6279
1819,6320
1820,6298
1821,6344
1822,6344
1823,6314
1824,6324
1825,6302
1826,6333
1827,6336
1828,6359
1829,6393
1830,6433
1831,6395
1832,6424
1833,6437
1834,6417
1835,6446
1836,6347
1837,6413
1838,6371
1839,6455
1840,6471
1841,6485
1842,6484
1843,6473
1844,6479
1845,6447
1846,6450
1847,6427
1848,6486
1849,6417
1850,6463
1851,6443
1852,6386
1853,6375
1854,6393
1855,6433
1856,6405
1857,6489
1858,6446
1859,6489
1860,6499
1861,6522
1862,6409
1863,6413
1864,6358
1865,6403
1866,6364
1867,6401
1868,6415
1869,6386
1870,6430
1871,6411
1872,6377
1873,6354
1874,6378
1875,6390
1876,6374
1877,6376
1878,6367
1879,6337
1880,6342
1881,6403
1882,6413
1883,6396
1884,6356
1885,6370
1886,6351
1887,6412
1888,6391
1889,6468
1890,6394
1891,6516
1892,6467
1893,6511
1894,6526
1895,6531
1896,6545
1897,6552
1898,6581
1899,6545
1900,6545
1901,6543
1902,6534
1903,6540
1904,6546
1905,6521
1906,6523
1907,6554
1908,6579
1909,6554
1910,6569
1911,6590
1912,6571
1913,6564
1914,6638
1915,6660
1916,6658
1917,6649
1918,6688
1919,6691
1920,6702
1921,6720
1922,6738
1923,6692
1924,6707
1925,6703
1926,6697
1927,6709
1928,6764
1929,6722
1930,6764
1931,6759
1932,6758
1933,6685
1934,6717
1935,6721
1936,6663
1937,6649
1938,6665
1939,6739
1940,6632
1941,6683
1942,6735
1943,6677
1944,6715
1945,6681
1946,6728
1947,6650
1948,6689
1949,6634
1950,6679
1951,6678
1952,6635
1953,6689
1954,6686
1955,6712
1956,6793
1957,6811
1958,6801
1959,6822
1960,6821
1961,6826
1962,6816
1963,6826
1964,6867
1965,6914
1966,6865
1967,6895
1968,6894
1969,6897
1970,6952
1971,6877
1972,6899
1973,6902
1974,6899
1975,6880
1976,6872
1977,6856
1978,6796
1979,6777
1980,6791
1981,6789
1982,6858
1983,6754
1984,6705
1985,6679
1986,6695
1987,6675
1988,6641
1989,6654
1990,6600
1991,6667
1992,6638
1993,6645
1994,6700
1995,6647
1996,6630
1997,6643
1998,6561
1999,6577
2000,6536
2001,6590
2002,6525
2003,6498
2004,6546
2005,6560
2006,6549
2007,6590
2008,6596
2009,6619
2010,6650
2011,6704
2012,6777
2013,6716
2014,6706
2015,6736
2016,6763
2017,6742
2018,6773
2019,6775
2020,6741
2021,6703
2022,6691
2023,6841
2024,6745
2025,6825
2026,6767
2027,6819
2028,6879
2029,6899
2030,6952
2031,6919
2032,6910
2033,6910
2034,6894
2035,6892
2036,6880
2037,6831
2038,6751
2039,6763
2040,6709
2041,6723
2042,6729
2043,6706
2044,6711
2045,6724
2046,6694
2047,6788
2048,6751
2049,6810
2050,6766
2051,6815
2052,6738
2053,6751
2054,6817
2055,6803
2056,6786
2057,6894
2058,6822
2059,6775
2060,6765
2061,6749
2062,6737
2063,6749
2064,6771
2065,6772
2066,6756
2067,6742
2068,6730
2069,6702
2070,6700
2071,6645
2072,6636
2073,6626
2074,6671
2075,6605
2076,6640
2077,6642
2078,6654
2079,6635
2080,6609
2081,6539
2082,6528
2083,6527
2084,6598
2085,6560
2086,6585
2087,6601
2088,6590
2089,6605
2090,6600
2091,6647
2092,6583
2093,6667
2094,6617
2095,6650
2096,6644
2097,6618
2098,6599
2099,6569
2100,6556
2101,6577
2102,6463
2103,6487
2104,6445
2105,6440
2106,6472
2107,6461
2108,6502
2109,6498
2110,6470
2111,6491
2112,6473
2113,6510
2114,6405
2115,6409
2116,6344
2117,6334
2118,6364
2119,6323
2120,6357
2121,6346
2122,6357
2123,6391
2124,6412
2125,6444
2126,6428
2127,6477
2128,6517
2129,6528
2130,6528
2131,6509
2132,6534
2133,6512
2134,6516
2135,6532
2136,6545
2137,6604
2138,6643
2139,6635
2140,6648
2141,6662
2142,6606
2143,6675
2144,6599
2145,6599
2146,6568
2147,6553
2148,6559
2149,6561
2150,6612
2151,6553
2152,6557
2153,6624
2154,6647
2155,6616
2156,6610
2157,6676
2158,6566
2159,6619
2160,6585
2161,6588
2162,6535
2163,6544
2164,6546
2165,6510
2166,6493
2167,6547
2168,6598
2169,6576
2170,6579
2171,6498
2172,6528
2173,6513
2174,6491
2175,6528
2176,6515
2177,6549
2178,6534
2179,6533
2180,6574
2181,6552
2182,6601
2183,6598
2184,6602
2185,6562
2186,6564
2187,6551
2188,6598
2189,6568
2190,6584
2191,6548
2192,6572
2193,6552
2194,6587
2195,6526
2196,6514
2197,6526
2198,6533
2199,6513
2200,6539
2201,6451
2202,6472
2203,6494
2204,6481
2205,6486
2206,6511
2207,6549
2208,6555
2209,6536
2210,6566
2211,6578
2212,6549
2213,6479
2214,6546
2215,6548
2216,6549
2217,6575
2218,6577
2219,6570
2220,6641
2221,6607
2222,6596
2223,6613
2224,6598
2225,6607
2226,6579
2227,6654
2228,6637
2229,6692
2230,6650
2231,6647
2232,6624
2233,6628
2234,6655
2235,6639
2236,6623
2237,6623
2238,6611
2239,6581
2240,6664
2241,6559
2242,6635
2243,6573
2244,6597
2245,6614
2246,6644
2247,6664
2248,6705
2249,6706
2250,6672
2251,6669
2252,6674
2253,6708
2254,6715
2255,6707
2256,6607
2257,6598
2258,6648
2259,6623
2260,6676
2261,6626
2262,6627
2263,6643
2264,6680
2265,6638
2266,6623
2267,6676
2268,6694
2269,6715
2270,6709
2271,6732
2272,6680
2273,6664
2274,6733
2275,6718
2276,6741
2277,6735
2278,6660
2279,6689
2280,6671
2281,6649
2282,6606
2283,6618
2284,6628
2285,6671
2286,6667
2287,6685
2288,6653
2289,6672
2290,6646
2291,6681
2292,6666
2293,6631
2294,6618
2295,6582
2296,6653
2297,6618
2298,6536
2299,6517
2300,6503
2301,6482
2302,6414
2303,6429
2304,6383
2305,6422
2306,6413
2307,6372
2308,6401
2309,6427
2310,6442
2311,6380
2312,6418
2313,6402
2314,6416
2315,6388
2316,6399
2317,6397
2318,6375
2319,6347
2320,6345
2321,6332
2322,6361
2323,6333
2324,6334
2325,6335
2326,6376
2327,6316
2328,6311
2329,6303
2330,6387
2331,6409
2332,6418
2333,6464
2334,6434
2335,6445
2336,6422
2337,6451
2338,6464
2339,6425
2340,6460
2341,6428
2342,6461
2343,6366
2344,6324
2345,6348
2346,6352
2347,6378
2348,6294
2349,6296
2350,6289
2351,6324
2352,6331
2353,6365
2354,6329
2355,6367
2356,6388
2357,6363
2358,6385
2359,6309
2360,6372
2361,6350
2362,6316
2363,6300
2364,6339
2365,6338
2366,6291
2367,6312
2368,6326
2369,6327
2370,6357
2371,6304
2372,6302
2373,6321
2374,6310
2375,6334
2376,6305
2377,6357
2378,6273
2379,6308
2380,6287
2381,6257
2382,6279
2383,6316
2384,6301
2385,6300
2386,6341
2387,6336
2388,6377
2389,6355
2390,6400
2391,6379
2392,6431
2393,6358
2394,6365
2395,6399
2396,6342
2397,6418
2398,6351
2399,6455
2400,6401
2401,6441
2402,6428
2403,6425
2404,6415
2405,6433
2406,6433
2407,6443
2408,6473
2409,6447
2410,6440
2411,6447
2412,6505
2413,6481
2414,6481
2415,6443
2416,6520
2417,6462
2418,6441
2419,6435
2420,6419
2421,6418
2422,6389
2423,6378
2424,6370
2425,6417
2426,6398
2427,6376
2428,6357
2429,6336
2430,6397
2431,6284
2432,6334
2433,6393
2434,6376
2435,6354
2436,6386
2437,6352
2438,6364
2439,6362
2440,6285
2441,6322
2442,6282
2443,6285
2444,6244
2445,6213
2446,6189
2447,6193
2448,6201
2449,6183
2450,6221
2451,6227
2452,6198
2453,6187
2454,6138
2455,6181
2456,6231
2457,6251
2458,6233
2459,6334
2460,6256
2461,6306
2462,6306
2463,6372
2464,6314
2465,6277
2466,6322
2467,6304
2468,6247
2469,6249
2470,6222
2471,6237
2472,6256
2473,6233
2474,6232
2475,6217
2476,6215
2477,6263
2478,6260
2479,6273
2480,6289
2481,6249
2482,6287
2483,6282
2484,6321
2485,6300
2486,6326
2487,6277
2488,6322
2489,6284
2490,6312
2491,6323
2492,6327
2493,6364
2494,6362
2495,6380
2496,6344
2497,6357
2498,6306
2499,6295
2500,6359
2501,6316
2502,6281
2503,6272
2504,6270
2505,6310
2506,6258
2507,6281
2508,6279
2509,6253
2510,6242
2511,6286
2512,6309
2513,6241
2514,6284
2515,6245
2516,6226
2517,6252
2518,6288
2519,6291
2520,6217
2521,6242
2522,6191
2523,6193
2524,6207
2525,6211
2526,6193
2527,6226
2528,6172
2529,6163
2530,6159
2531,6183
2532,6135
2533,6159
2534,6153
2535,6128
2536,6119
2537,6119
2538,6037
2539,6075
2540,6041
2541,6078
2542,6068
2543,6042
2544,6030
2545,6006
2546,5997
2547,5999
2548,5974
2549,5977
2550,6011
2551,6008
2552,6011
2553,6012
2554,5976
2555,6004
2556,5999
2557,6029
2558,6043
2559,6031
2560,6072
2561,6072
2562,6054
2563,6055
2564,6052
2565,6050
2566,6069
2567,6059
2568,6047
2569,6065
2570,6036
2571,6023
2572,6004
2573,5974
2574,5973
2575,5954
2576,6000
2577,5971
2578,5966
2579,6003
2580,5980
2581,5969
2582,5973
2583,5988
2584,5994
2585,5963
2586,5977
2587,5929
2588,5953
2589,5929
2590,5935
2591,5942
2592,5971
2593,5987
2594,5974
2595,5950
2596,5963
2597,5988
2598,5942
2599,5976
2600,5948
2601,5950
2602,5903
2603,5877
2604,5875
2605,5917
2606,5876
2607,5903
2608,5876
2609,5914
2610,5913
2611,5910
2612,5893
2613,5923
2614,5932
2615,5903
2616,5905
2617,5913
2618,5888
2619,5876
2620,5856
2621,5872
2622,5841
2623,5900
2624,5876
2625,5913
2626,5916
2627,5928
2628,5919
2629,5868
2630,5877
2631,5871
2632,5874
2633,5900
2634,5904
2635,5891
2636,5906
2637,5885
2638,5842
2639,5850
2640,5825
2641,5782
2642,5772
2643,5752
2644,5759
2645,5759
2646,5806
2647,5808
2648,5802
2649,5821
2650,5823
2651,5823
2652,5851
2653,5848
2654,5838
2655,5840
2656,5819
2657,5855
2658,5817
2659,5855
2660,5846
2661,5839
2662,5827
2663,5847
2664,5831
2665,5869
2666,5841
2667,5838
2668,5860
2669,5881
2670,5862
2671,5914
2672,5878
2673,5925
2674,5878
2675,5871
2676,5870
2677,5933
2678,5906
2679,5945
2680,5870
2681,5900
2682,5872
2683,5855
2684,5861
2685,5844
2686,5843
2687,5848
2688,5845
2689,5799
2690,5783
2691,5801
2692,5778
2693,5814
2694,5803
2695,5843
2696,5854
2697,5855
2698,5868
2699,5882
2700,5869
2701,5867
2702,5888
2703,5891
2704,5897
2705,5915
2706,5895
2707,5915
2708,5888
2709,5916
2710,5932
2711,5924
2712,5928
2713,5958
2714,5959
2715,5953
2716,5971
2717,5931
2718,5961
2719,5928
2720,5933
2721,5977
2722,5971
2723,5983
2724,6018
2725,5989
2726,5994
2727,5979
2728,5982
2729,5964
2730,5942
2731,5932
2732,5891
2733,5922
2734,5903
2735,5932
2736,5904
2737,5946
2738,5866
2739,5900
2740,5868
2741,5888
2742,5880
2743,5877
2744,5839
2745,5822
2746,5796
2747,5804
2748,5800
2749,5809
2750,5823
2751,5810
2752,5814
2753,5816
2754,5806
2755,5799
2756,5794
2757,5802
2758,5827
2759,5809
2760,5791
2761,5805
2762,5818
2763,5844
2764,5840
2765,5852
2766,5834
2767,5818
2768,5831
2769,5838
2770,5818
2771,5826
2772,5816
2773,5788
2774,5761
2775,5764
2776,5747
2777,5746
2778,5741
2779,5734
2780,5753
2781,5783
2782,5775
2783,5780
2784,5800
2785,5795
2786,5790
2787,5830
2788,5825
2789,5803
2790,5825
2791,5832
2792,5814
2793,5828
2794,5788
2795,5793
2796,5779
2797,5777
2798,5766
2799,5782
2800,5780
2801,5746
2802,5734
2803,5765
2804,5743
2805,5744
2806,5751
2807,5728
2808,5734
2809,5719
2810,5721
2811,5718
2812,5725
2813,5739
2814,5744
2815,5779
2816,5768
2817,5791
2818,5757
2819,5805
2820,5794
2821,5825
2822,5796
2823,5772
2824,5758
2825,5746
2826,5724
2827,5751
2828,5763
2829,5744
2830,5735
2831,5712
2832,5723
2833,5708
2834,5715
2835,5688
2836,5686
2837,5693
2838,5718
2839,5726
2840,5707
2841,5725
2842,5710
2843,5745
2844,5762
2845,5762
2846,5776
2847,5782
2848,5770
2849,5748
2850,5728
2851,5748
2852,5775
2853,5797
2854,5817
2855,5800
2856,5806
2857,5800
2858,5829
2859,5826
2860,5802
2861,5783
2862,5772
2863,5778
2864,5774
2865,5777
2866,5815
2867,5815
2868,5822
2869,5862
2870,5850
2871,5827
2872,5836
2873,5810
2874,5850
2875,5866
2876,5891
2877,5914
2878,5934
2879,5906
2880,5908
2881,5890
2882,5899
2883,5861
2884,5864
2885,5880
2886,5885
2887,5831
2888,5849
2889,5841
2890,5857
2891,5833
2892,5853
2893,5839
2894,5851
2895,5818
2896,5790
2897,5812
2898,5833
2899,5809
2900,5834
2901,5782
2902,5796
2903,5765
2904,5770
2905,5790
2906,5806
2907,5788
2908,5796
2909,5802
2910,5792
2911,5804
2912,5768
2913,5780
2914,5748
2915,5768
2916,5743
2917,5764
2918,5731
2919,5735
2920,5734
2921,5727
2922,5720
2923,5754
2924,5721
2925,5743
2926,5747
2927,5716
2928,5694
2929,5705
2930,5698
2931,5717
2932,5718
2933,5738
2934,5734
2935,5730
2936,5721
2937,5697
2938,5710
2939,5729
2940,5740
2941,5771
2942,5783
2943,5813
2944,5817
2945,5799
2946,5817
2947,5817
2948,5782
2949,5820
2950,5780
2951,5760
2952,5747
2953,5768
2954,5767
2955,5737
2956,5761
2957,5745
2958,5720
2959,5730
2960,5710
2961,5700
2962,5710
2963,5746
2964,5704
2965,5707
2966,5687
2967,5680
2968,5666
2969,5654
2970,5660
2971,5677
2972,5684
2973,5700
2974,5697
2975,5721
2976,5697
2977,5725
2978,5714
2979,5732
2980,5735
2981,5705
2982,5720
2983,5701
2984,5709
2985,5677
2986,5716
2987,5676
2988,5692
2989,5698
2990,5733
2991,5703
2992,5712
2993,5731
2994,5732
2995,5735
2996,5714
2997,5690
2998,5697
2999,5685
3000,5718
3001,5688
3002,5707
3003,5723
3004,5721
3005,5715
3006,5736
3007,5750
3008,5712
3009,5699
3010,5708
3011,5679
3012,5695
3013,5681
3014,5677
3015,5677
3016,5695
3017,5702
3018,5711
3019,5711
3020,5718
3021,5732
3022,5719
3023,5741
3024,5762
3025,5720
3026,5727
3027,5725
3028,5727
3029,5745
3030,5732
3031,5727
3032,5725
3033,5746
3034,5733
3035,5736
3036,5744
3037,5742
3038,5759
3039,5752
3040,5742
3041,5753
3042,5749
3043,5757
3044,5797
3045,5808
3046,5831
3047,5828
3048,5852
3049,5846
3050,5863
3051,5846
3052,5831
3053,5822
3054,5807
3055,5786
3056,5798
3057,5777
3058,5813
3059,5787
3060,5843
3061,5771
3062,5777
3063,5765
3064,5754
3065,5748
3066,5740
3067,5701
3068,5696
3069,5712
3070,5709
3071,5722
3072,5685
3073,5675
3074,5655
3075,5673
3076,5664
3077,5667
3078,5671
3079,5692
3080,5702
3081,5740
3082,5734
3083,5729
3084,5734
3085,5718
3086,5683
3087,5702
3088,5730
3089,5741
3090,5714
3091,5714
3092,5695
3093,5709
3094,5674
3095,5681
3096,5653
3097,5655
3098,5652
3099,5671
3100,5665
3101,5700
3102,5707
3103,5706
3104,5725
3105,5767
3106,5695
3107,5726
3108,5679
3109,5721
3110,5696
3111,5693
3112,5699
3113,5693
3114,5691
3115,5708
3116,5716
3117,5715
3118,5735
3119,5732
3120,5695
3121,5728
3122,5712
3123,5694
3124,5690
3125,5723
3126,5712
3127,5736
3128,5703
3129,5736
3130,5718
3131,5723
3132,5724
3133,5712
3134,5720
3135,5730
3136,5727
3137,5742
3138,5731
3139,5764
3140,5732
3141,5730
3142,5748
3143,5752
3144,5746
3145,5778
3146,5780
3147,5759
3148,5750
3149,5755
3150,5760
3151,5742
3152,5789
3153,5782
3154,5795
3155,5788
3156,5772
3157,5781
3158,5814
3159,5800
3160,5832
3161,5797
3162,5802
3163,5793
3164,5822
3165,5799
3166,5824
3167,5829
3168,5852
3169,5814
3170,5893
3171,5879
3172,5849
3173,5851
3174,5877
3175,5848
3176,5888
3177,5832
3178,5853
3179,5834
3180,5839
3181,5851
3182,5842
3183,5819
3184,5828
3185,5808
3186,5836
3187,5833
3188,5889
3189,5841
3190,5836
3191,5803
3192,5804
3193,5806
3194,5813
3195,5810
3196,5780
3197,5809
3198,5775
3199,5801
3200,5779
3201,5817
3202,5791
3203,5833
3204,5830
3205,5834
3206,5831
3207,5853
3208,5795
3209,5825
3210,5808
3211,5838
3212,5809
3213,5810
3214,5809
3215,5802
3216,5788
3217,5788
3218,5750
3219,5760
3220,5757
3221,5753
3222,5752
3223,5766
3224,5791
3225,5793
3226,5791
3227,5795
3228,5804
3229,5805
3230,5837
3231,5826
3232,5856
3233,5819
3234,5857
3235,5822
3236,5851
3237,5831
3238,5865
3239,5852
3240,5857
3241,5861
3242,5888
3243,5856
3244,5871
3245,5851
3246,5847
3247,5836
3248,5867
3249,5881
3250,5832
3251,5880
3252,5854
3253,5880
3254,5877
3255,5876
3256,5862
3257,5866
3258,5869
3259,5861
3260,5876
3261,5910
3262,5910
3263,5891
3264,5886
3265,5886
3266,5901
3267,5889
3268,5911
3269,5927
3270,5953
3271,5948
3272,5988
3273,5987
3274,5962
3275,5958
3276,5913
3277,5910
3278,5925
3279,5923
3280,5944
3281,5944
3282,5966
3283,5940
3284,5942
3285,5968
3286,5928
3287,5920
3288,5940
3289,5948
3290,5967
3291,5950
3292,5941
3293,5949
3294,5944
3295,5936
3296,5937
3297,5972
3298,5960
3299,5957
3300,5992
3301,5968
3302,5993
3303,6013
3304,5987
3305,5969
3306,5999
3307,5998
3308,6005
3309,6013
3310,6013
3311,6015
3312,5994
3313,5967
3314,6025
3315,5998
3316,6017
3317,5991
3318,5957
3319,5966
3320,5955
3321,5990
3322,6002
3323,6025
3324,6045
3325,6029
3326,6076
3327,6064
3328,6058
3329,6064
3330,6049
3331,6077
3332,6061
3333,6092
3334,6107
3335,6129
3336,6148
3337,6168
3338,6173
3339,6148
3340,6184
3341,6150
3342,6150
3343,6135
3344,6147
3345,6168
3346,6166
3347,6133
3348,6117
3349,6111
3350,6112
3351,6098
3352,6101
3353,6088
3354,6068
3355,6066
3356,6090
3357,6066
3358,6106
3359,6069
3360,6074
3361,6098
3362,6063
3363,6033
3364,6071
3365,6055
3366,6063
3367,6080
3368,6079
3369,6143
3370,6119
3371,6167
3372,6143
3373,6164
3374,6181
3375,6194
3376,6236
3377,6236
3378,6170
3379,6234
3380,6167
3381,6212
3382,6183
3383,6156
3384,6180
3385,6139
3386,6134
3387,6174
3388,6165
3389,6157
3390,6194
3391,6189
3392,6096
3393,6120
3394,6077
3395,6099
3396,6054
3397,6103
3398,6087
3399,6059
3400,6065
3401,6024
3402,6054
3403,6048
3404,6016
3405,6005
3406,5986
3407,5965
3408,5957
3409,5956
3410,5956
3411,5956
3412,5937
3413,5970
3414,5906
3415,5916
3416,5891
3417,5902
3418,5888
3419,5881
3420,5869
3421,5911
3422,5846
3423,5871
3424,5850
3425,5899
3426,5891
3427,5910
3428,5889
3429,5884
3430,5880
3431,5883
3432,5870
3433,5910
3434,5907
3435,5916
3436,5931
3437,5953
3438,5972
3439,5936
3440,5969
3441,5963
3442,5996
3443,5923
3444,5956
3445,5934
3446,5961
3447,5983
3448,5980
3449,5969
3450,5947
3451,5939
3452,5922
3453,5971
3454,5952
3455,5960
3456,6006
3457,5969
3458,5944
3459,5942
3460,5893
3461,5900
3462,5882
3463,5895
3464,5906
3465,5860
3466,5889
3467,5892
3468,5921
3469,5948
3470,5934
3471,5924
3472,5934
3473,5911
3474,5905
3475,5886
3476,5916
3477,5936
3478,5956
3479,5993
3480,5969
3481,6036
3482,5966
3483,6029
3484,6014
3485,6023
3486,5962
3487,6007
3488,5966
3489,5987
3490,5943
3491,5965
3492,5986
3493,5937
3494,5951
3495,5947
3496,5986
3497,6000
3498,5979
3499,6013
3500,6047
3501,6029
3502,6034
3503,6024
3504,6029
3505,6035
3506,6020
3507,5987
3508,5935
3509,5937
3510,5917
3511,5954
3512,5925
3513,5906
3514,5917
3515,5921
3516,5912
3517,5889
3518,5906
3519,5931
3520,5911
3521,5942
3522,5952
3523,5997
3524,5966
3525,6008
3526,5990
3527,6013
3528,6029
3529,6019
3530,6010
3531,6033
3532,6016
3533,6016
3534,6058
3535,6077
3536,6072
3537,6061
3538,6095
3539,6096
3540,6036
3541,6086
3542,6056
3543,6088
3544,6076
3545,6084
3546,6077
3547,6117
3548,6105
3549,6139
3550,6156
3551,6152
3552,6170
3553,6174
3554,6165
3555,6169
3556,6164
3557,6141
3558,6152
3559,6140
3560,6122
3561,6080
3562,6075
3563,6095
3564,6040
3565,6033
3566,6018
3567,6005
3568,5984
3569,5995
3570,5988
3571,6034
3572,5994
3573,5994
3574,6005
3575,6011
3576,6082
3577,6025
3578,6045
3579,6067
3580,6077
3581,6053
3582,6030
3583,6046
3584,6026
3585,6037
3586,6056
3587,6028
3588,5979
3589,5981
3590,5997
3591,5993
3592,5997
3593,5976
3594,5989
3595,5991
3596,6006
3597,5996
3598,6049
3599,6048
3600,6038
3601,6078
3602,6076
3603,6087
3604,6063
3605,6083
3606,6082
3607,6101
3608,6147
3609,6069
3610,6131
3611,6064
3612,6071
3613,6033
3614,6043
3615,6027
3616,6064
3617,6021
3618,6000
3619,6012
3620,6036
3621,6017
3622,6033
3623,6032
3624,6085
3625,6081
3626,6077
3627,6053
3628,6110
3629,6085
3630,6118
3631,6060
3632,6066
3633,5999
3634,6003
3635,6025
3636,6021
3637,6028
3638,5998
3639,5956
3640,5982
3641,5987
3642,6010
3643,6036
3644,6046
3645,6069
3646,6048
3647,6019
3648,6028
3649,5984
3650,6000
3651,6003
3652,6025
3653,6029
3654,6032
3655,6028
3656,6031
3657,6049
3658,6044
3659,6067
3660,6055
3661,6093
3662,6058
3663,6067
3664,6051
3665,6023
3666,6055
3667,5995
3668,6033
3669,6010
3670,6084
3671,6028
3672,5996
3673,6025
3674,6027
3675,6031
3676,6033
3677,6018
3678,6008
3679,5987
3680,5993
3681,5973
3682,6003
3683,5959
3684,6005
3685,5956
3686,5981
3687,5993
3688,6013
3689,5993
3690,6045
3691,6009
3692,5968
3693,5988
3694,5968
3695,5969
3696,6000
3697,6010
3698,5940
3699,5979
3700,5951
3701,5966
3702,5939
3703,5978
3704,5992
3705,5950
3706,5930
3707,5955
3708,5967
3709,5980
3710,5999
3711,5930
3712,6009
3713,5961
3714,5959
3715,5979
3716,5979
3717,6001
3718,5975
3719,5967
3720,5928
3721,5957
3722,5918
3723,5953
3724,5962
3725,5959
3726,5973
3727,5973
3728,5990
3729,6006
3730,6000
3731,6021
3732,6009
3733,5986
3734,5970
3735,5976
3736,5989
3737,6023
3738,5940
3739,5948
3740,5923
3741,5936
3742,5940
3743,5921
3744,5923
3745,5936
3746,5957
3747,5941
3748,5973
3749,5929
3750,5936
3751,5911
3752,5915
3753,5921
3754,5925
3755,5981
3756,5945
3757,5978
3758,5917
3759,5962
3760,5917
3761,5961
3762,5920
3763,5959
3764,5934
3765,5950
3766,5909
3767,5921
3768,5888
3769,5915
3770,5921
3771,5896
3772,5903
3773,5902
3774,5896
3775,5876
3776,5860
3777,5867
3778,5869
3779,5902
3780,5907
3781,5943
3782,5925
3783,5939
3784,5944
3785,5919
3786,5947
3787,5927
3788,5934
3789,5912
3790,5939
3791,5898
3792,5885
3793,5919
3794,5902
3795,5899
3796,5920
3797,5924
3798,5974
3799,5964
3800,5960
3801,5957
3802,5973
3803,5960
3804,5960
3805,5991
3806,6030
3807,6011
3808,6014
3809,6052
3810,6074
3811,5995
3812,6014
3813,5996
3814,6028
3815,6014
3816,6027
3817,6049
3818,6008
3819,6032
3820,6003
3821,5984
3822,6042
3823,6022
3824,6081
3825,6054
3826,6071
3827,6058
3828,6102
3829,6054
3830,6087
3831,6079
3832,6108
3833,6029
3834,6053
3835,6033
3836,6013
3837,6022
3838,5987
3839,5996
3840,5989
3841,6024
3842,5985
3843,5994
3844,5990
3845,5998
3846,5991
3847,5976
3848,5991
3849,6003
3850,6000
3851,5992
3852,5993
3853,6020
3854,5984
3855,5986
3856,5928
3857,5948
3858,5945
3859,5926
3860,5919
3861,5970
3862,5919
3863,5983
3864,5964
3865,5954
3866,5997
3867,6017
3868,5970
3869,6002
3870,5953
3871,5949
3872,5958
3873,5991
3874,5971
3875,5992
3876,6002
3877,5999
3878,6014
3879,6013
3880,5999
3881,6019
3882,6004
3883,6026
3884,6053
3885,6072
3886,6080
3887,6078
3888,6090
3889,6036
3890,6026
3891,6011
3892,5979
3893,5987
3894,5962
3895,5958
3896,5985
3897,6005
3898,6011
3899,6032
3900,5982
3901,6035
3902,6022
3903,6046
3904,6026
3905,6080
3906,6073
3907,6112
3908,6074
3909,6087
3910,6077
3911,6054
3912,6042
3913,5970
3914,5977
3915,5987
3916,5976
3917,5976
3918,5958
3919,5962
3920,5962
3921,5917
3922,5914
3923,5939
3924,5914
3925,5942
3926,5937
3927,5920
3928,5899
3929,5867
3930,5903
3931,5905
3932,5844
3933,5855
3934,5836
3935,5857
3936,5880
3937,5888
3938,5889
3939,5890
3940,5907
3941,5920
3942,5929
3943,5893
3944,5928
3945,5865
3946,5835
3947,5824
3948,5797
3949,5788
3950,5800
3951,5800
3952,5810
3953,5843
3954,5820
3955,5836
3956,5823
3957,5811
3958,5781
3959,5789
3960,5755
3961,5765
3962,5760
3963,5773
3964,5737
3965,5754
3966,5729
3967,5741
3968,5758
3969,5781
3970,5739
3971,5783
3972,5778
3973,5799
3974,5796
3975,5831
3976,5804
3977,5818
3978,5806
3979,5822
3980,5796
3981,5814
3982,5819
3983,5827
3984,5800
3985,5788
3986,5788
3987,5758
3988,5782
3989,5777
3990,5835
3991,5831
3992,5867
3993,5877
3994,5902
3995,5871
3996,5845
3997,5857
3998,5865
3999,5845
4000,5846
4001,5843
4002,5879
4003,5859
4004,5860
4005,5849
4006,5860
4007,5857
4008,5854
4009,5849
4010,5848
4011,5807
4012,5832
4013,5827
4014,5811
4015,5782
4016,5756
4017,5781
4018,5768
4019,5799
4020,5792
4021,5811
4022,5805
4023,5835
4024,5782
4025,5838
4026,5813
4027,5857
4028,5857
4029,5852
4030,5834
4031,5787
4032,5756
4033,5757
4034,5724
4035,5730
4036,5725
4037,5736
4038,5710
4039,5723
4040,5717
4041,5735
4042,5739
4043,5744
4044,5749
4045,5737
4046,5747
4047,5734
4048,5742
4049,5718
4050,5740
4051,5709
4052,5715
4053,5708
4054,5721
4055,5686
4056,5683
4057,5668
4058,5681
4059,5658
4060,5677
4061,5675
4062,5685
4063,5696
4064,5704
4065,5718
4066,5727
4067,5733
4068,5712
4069,5733
4070,5705
4071,5747
4072,5705
4073,5697
4074,5677
4075,5664
4076,5654
4077,5661
4078,5677
4079,5678
4080,5684
4081,5689
4082,5711
4083,5699
4084,5696
4085,5728
4086,5696
4087,5725
4088,5695
4089,5708
4090,5707
4091,5726
4092,5704
4093,5727
4094,5691
4095,5715
4096,5712
4097,5718
4098,5738
4099,5729
4100,5714
4101,5740
4102,5699
4103,5693
4104,5673
4105,5686
4106,5685
4107,5723
4108,5680
4109,5720
4110,5694
4111,5726
4112,5727
4113,5743
4114,5759
4115,5754
4116,5725
4117,5730
4118,5734
4119,5750
4120,5720
4121,5736
4122,5740
4123,5742
4124,5746
4125,5757
4126,5755
4127,5763
4128,5741
4129,5755
4130,5757
4131,5769
4132,5758
4133,5763
4134,5744
4135,5769
4136,5742
4137,5787
4138,5750
4139,5774
4140,5745
4141,5772
4142,5772
4143,5768
4144,5770
4145,5814
4146,5793
4147,5785
4148,5765
4149,5765
4150,5746
4151,5729
4152,5714
4153,5712
4154,5723
4155,5715
4156,5699
4157,5698
4158,5699
4159,5711
4160,5714
4161,5714
4162,5709
4163,5706
4164,5709
4165,5706
4166,5732
4167,5731
4168,5732
4169,5704
4170,5721
4171,5726
4172,5724
4173,5730
4174,5737
4175,5721
4176,5705
4177,5698
4178,5703
4179,5706
4180,5700
4181,5692
4182,5679
4183,5694
4184,5686
4185,5685
4186,5697
4187,5686
4188,5663
4189,5660
4190,5664
4191,5654
4192,5649
4193,5629
4194,5627
4195,5631
4196,5650
4197,5647
4198,5644
4199,5640
4200,5624
4201,5629
4202,5609
4203,5620
4204,5621
4205,5603
4206,5622
4207,5630
4208,5632
4209,5642
4210,5668
4211,5635
4212,5636
4213,5616
4214,5606
4215,5612
4216,5600
4217,5599
4218,5604
4219,5596
4220,5587
4221,5593
4222,5606
4223,5613
4224,5617
4225,5625
4226,5607
4227,5615
4228,5627
4229,5619
4230,5610
4231,5622
4232,5603
4233,5618
4234,5602
4235,5609
4236,5610
4237,5604
4238,5615
4239,5630
4240,5621
4241,5624
4242,5613
4243,5616
4244,5615
4245,5616
4246,5620
4247,5624
4248,5608
4249,5604
4250,5602
4251,5578
4252,5563
4253,5564
4254,5561
4255,5550
4256,5552
4257,5546
4258,5538
4259,5535
4260,5534
4261,5533
4262,5525
4263,5523
4264,5520
4265,5524
4266,5523
4267,5528
4268,5528
4269,5537
4270,5530
4271,5533
4272,5535
4273,5544
4274,5548
4275,5534
4276,5535
4277,5532
4278,5531
4279,5531
4280,5537
4281,5535
4282,5542
4283,5545
4284,5550
4285,5559
4286,5542
4287,5549
4288,5541
4289,5548
4290,5542
4291,5548
4292,5549
4293,5537
4294,5542
4295,5541
4296,5538
4297,5539
4298,5535
4299,5531
4300,5535
4301,5529
4302,5522
4303,5520
4304,5518
4305,5516
4306,5514
4307,5518
4308,5513
4309,5514
4310,5510
4311,5513
4312,5510
4313,5511
4314,5510
4315,5511
4316,5507
4317,5508
4318,5504
4319,5506
4320,5504
4321,5506
4322,5504
4323,5506
4324,5504
4325,5506
4326,5504
4327,5506
4328,5504
4329,5506
4330,5504
4331,5506
4332,5504
4333,5506
4334,5504
4335,5506
4336,5504
4337,5506
4338,5504
4339,5506
4340,5504
4341,5506
4342,5504
4343,5506
4344,5504
4345,5506
4346,5504
4347,5506
4348,5504
4349,5506
4350,5504
4351,5506
4352,5506
4353,5507
4354,5506
4355,5509
4356,5507
4357,5511
4358,5510
4359,5518
4360,5513
4361,5521
4362,5515
4363,5524
4364,5518
4365,5525
4366,5517
4367,5518
4368,5511
4369,5515
4370,5513
4371,5517
4372,5515
4373,5516
4374,5514
4375,5516
4376,5512
4377,5510
4378,5511
4379,5515
4380,5515
4381,5522
4382,5520
4383,5523
4384,5521
4385,5521
4386,5522
4387,5531
4388,5526
4389,5533
4390,5528
4391,5537
4392,5534
4393,5542
4394,5539
4395,5535
4396,5526
4397,5524
4398,5525
4399,5527
4400,5530
4401,5534
4402,5533
4403,5545
4404,5539
4405,5538
4406,5540
4407,5540
4408,5541
4409,5534
4410,5534
4411,5542
4412,5545
4413,5551
4414,5541
4415,5540
4416,5551
4417,5551
4418,5563
4419,5567
4420,5569
4421,5574
4422,5571
4423,5580
4424,5590
4425,5582
4426,5572
4427,5575
4428,5573
4429,5569
4430,5577
4431,5577
4432,5577
4433,5593
4434,5591
4435,5579
4436,5572
4437,5581
4438,5582
4439,5579
4440,5588
4441,5591
4442,5590
4443,5593
4444,5604
4445,5606
4446,5622
4447,5625
4448,5614
4449,5631
4450,5610
4451,5594
4452,5619
4453,5610
4454,5605
4455,5620
4456,5603
4457,5609
4458,5599
4459,5607
4460,5600
4461,5627
4462,5614
4463,5626
4464,5654
4465,5636
4466,5649
4467,5651
4468,5640
4469,5645
4470,5649
4471,5646
4472,5659
4473,5663
4474,5676
4475,5646
4476,5645
4477,5653
4478,5649
4479,5659
4480,5648
4481,5672
4482,5629
4483,5620
4484,5616
4485,5604
4486,5623
4487,5601
4488,5598
4489,5602
4490,5609
4491,5609
4492,5608
4493,5605
4494,5599
4495,5606
4496,5596
4497,5625
4498,5616
4499,5630
4500,5604
4501,5606
4502,5613
4503,5611
4504,5616
4505,5601
4506,5611
4507,5607
4508,5606
4509,5591
4510,5602
4511,5607
4512,5619
4513,5625
4514,5628
4515,5630
4516,5648
4517,5636
4518,5628
4519,5627
4520,5632
4521,5640
4522,5618
4523,5625
4524,5595
4525,5602
4526,5595
4527,5598
4528,5588
4529,5581
4530,5593
4531,5577
4532,5569
4533,5577
4534,5584
4535,5583
4536,5597
4537,5589
4538,5596
4539,5612
4540,5607
4541,5575
4542,5575
4543,5581
4544,5580
4545,5579
4546,5583
4547,5592
4548,5596
4549,5579
4550,5576
4551,5581
4552,5584
4553,5593
4554,5587
4555,5589
4556,5581
4557,5586
4558,5589
4559,5597
4560,5600
4561,5606
4562,5614
4563,5612
4564,5616
4565,5628
4566,5604
4567,5607
4568,5599
4569,5624
4570,5608
4571,5612
4572,5611
4573,5621
4574,5629
4575,5619
4576,5612
4577,5629
4578,5606
4579,5606
4580,5582
4581,5594
4582,5576
4583,5586
4584,5580
4585,5602
4586,5593
4587,5599
4588,5599
4589,5626
4590,5586
4591,5585
4592,5584
4593,5579
4594,5579
4595,5585
4596,5586
4597,5585
4598,5592
4599,5596
4600,5592
4601,5604
4602,5589
4603,5589
4604,5589
4605,5591
4606,5586
4607,5584
4608,5593
4609,5599
4610,5588
4611,5593
4612,5582
4613,5577
4614,5572
4615,5574
4616,5577
4617,5583
4618,5584
4619,5585
4620,5585
4621,5582
4622,5580
4623,5588
4624,5586
4625,5596
4626,5588
4627,5597
4628,5598
4629,5603
4630,5593
4631,5585
4632,5588
4633,5583
4634,5580
4635,5583
4636,5573
4637,5578
4638,5571
4639,5565
4640,5566
4641,5560
4642,5558
4643,5559
4644,5556
4645,5560
4646,5563
4647,5561
4648,5564
4649,5566
4650,5565
4651,5568
4652,5568
4653,5567
4654,5563
4655,5560
4656,5555
4657,5559
4658,5560
4659,5566
4660,5565
4661,5570
4662,5559
4663,5566
4664,5565
4665,5564
4666,5569
4667,5565
4668,5564
4669,5569
4670,5568
4671,5574
4672,5575
4673,5582
4674,5574
4675,5582
4676,5581
4677,5588
4678,5595
4679,5598
4680,5606
4681,5602
4682,5587
4683,5592
4684,5598
4685,5592
4686,5580
4687,5581
4688,5571
4689,5581
4690,5577
4691,5579
4692,5569
4693,5566
4694,5561
4695,5563
4696,5559
4697,5562
4698,5555
4699,5558
4700,5552
4701,5555
4702,5549
4703,5558
4704,5557
4705,5571
4706,5568
4707,5577
4708,5580
4709,5590
4710,5577
4711,5595
4712,5576
4713,5588
4714,5573
4715,5587
4716,5582
4717,5587
4718,5582
4719,5590
4720,5585
4721,5590
4722,5581
4723,5587
4724,5577
4725,5584
4726,5584
4727,5593
4728,5577
4729,5582
4730,5574
4731,5578
4732,5586
4733,5584
4734,5584
4735,5592
4736,5594
4737,5606
4738,5614
4739,5604
4740,5598
4741,5610
4742,5596
4743,5601
4744,5602
4745,5616
4746,5606
4747,5622
4748,5609
4749,5626
4750,5609
4751,5614
4752,5614
4753,5617
4754,5613
4755,5617
4756,5605
4757,5624
4758,5611
4759,5618
4760,5613
4761,5613
4762,5622
4763,5612
4764,5635
4765,5621
4766,5644
4767,5629
4768,5647
4769,5643
4770,5661
4771,5608
4772,5622
4773,5605
4774,5596
4775,5602
4776,5597
4777,5600
4778,5596
4779,5587
4780,5583
4781,5574
4782,5569
4783,5573
4784,5570
4785,5570
4786,5567
4787,5567
4788,5565
4789,5567
4790,5565
4791,5567
4792,5565
4793,5567
4794,5565
4795,5567
4796,5565
4797,5567
4798,5565
4799,5567
4800,5565
4801,5567
4802,5565
4803,5567
4804,5565
4805,5567
4806,5565
4807,5567
4808,5565
4809,5567
4810,5565
4811,5567
4812,5565
4813,5567
4814,5565
4815,5567
4816,5565
4817,5567
4818,5565
4819,5567
4820,5565
4821,5567
4822,5565
4823,5567
4824,5565
4825,5567
4826,5565
4827,5567
4828,5565
4829,5567
4830,5565
4831,5567
4832,5565
4833,5567
4834,5565
4835,5567
4836,5565
4837,5567
4838,5565
4839,5567
4840,5565
4841,5567
4842,5565
4843,5567
4844,5565
4845,5567
4846,5565
4847,5567
4848,5565
4849,5567
4850,5565
4851,5567
4852,5565
4853,5567
4854,5565
4855,5567
4856,5565
4857,5567
4858,5565
4859,5567
4860,5565
4861,5567
4862,5565
4863,5567
4864,5565
4865,5567
4866,5565
4867,5567
4868,5565
4869,5567
4870,5565
4871,5567
4872,5565
4873,5567
4874,5565
4875,5567
4876,5565
4877,5567
4878,5565
4879,5567
4880,5565
4881,5567
4882,5565
4883,5567
4884,5565
4885,5567
4886,5565
4887,5567
4888,5565
4889,5567
4890,5565
4891,5567
4892,5565
4893,5567
4894,5565
4895,5567
4896,5565
4897,5567
4898,5565
4899,5567
4900,5565
4901,5567
4902,5565
4903,5567
4904,5565
4905,5567
4906,5565
4907,5567
4908,5565
4909,5567
4910,5565
4911,5567
4912,5565
4913,5567
4914,5565
4915,5567
4916,5565
4917,5567
4918,5565
4919,5567
4920,5565
4921,5567
4922,5565
4923,5567
4924,5565
4925,5567
4926,5565
4927,5567
4928,5565
4929,5567
4930,5565
4931,5567
4932,5565
4933,5567
4934,5565
4935,5567
4936,5565
4937,5567
4938,5565
4939,5567
4940,5565
4941,5567
4942,5565
4943,5567
4944,5565
4945,5567
4946,5565
4947,5567
4948,5565
4949,5567
4950,5565
4951,5567
4952,5565
4953,5567
4954,5565
4955,5567
4956,5565
4957,5567
4958,5565
4959,5567
4960,5565
4961,5567
4962,5565
4963,5567
4964,5565
4965,5567
4966,5565
4967,5567
4968,5565
4969,5567
4970,5565
4971,5567
4972,5565
4973,5567
4974,5565
4975,5567
4976,5565
4977,5567
4978,5565
4979,5567
4980,5565
4981,5567
4982,5565
4983,5567
4984,5565
4985,5567
4986,5565
4987,5567
4988,5565
4989,5567
4990,5565
4991,5567
4992,5565
4993,5567
4994,5565
4995,5567
4996,5565
4997,5567
4998,5565
4999,5567
5000,5565
5001,5567
5002,5565
5003,5567
5004,5565
5005,5567
5006,5565
5007,5567
5008,5565
5009,5567
5010,5565
5011,5567
5012,5565
5013,5567
5014,5565
5015,5567
5016,5565
5017,5567
5018,5565
5019,5567
5020,5565
5021,5567
5022,5565
5023,5567
5024,5565
5025,5567
5026,5565
5027,5567
5028,5565
5029,5567
5030,5565
5031,5567
5032,5565
5033,5567
5034,5565
5035,5567
5036,5565
5037,5567
5038,5565
5039,5567
5040,5565
5041,5567
5042,5565
5043,5567
5044,5565
5045,5567
5046,5565
5047,5567
5048,5565
5049,5567
5050,5565
5051,5567
5052,5565
5053,5567
5054,5565
5055,5567
5056,5565
5057,5567
5058,5565
5059,5567
5060,5565
5061,5567
5062,5565
5063,5567
5064,5565
5065,5567
5066,5565
5067,5567
5068,5565
5069,5567
5070,5565
5071,5567
5072,5565
5073,5567
5074,5565
5075,5567
5076,5565
5077,5567
5078,5565
5079,5567
5080,5565
5081,5567
5082,5565
5083,5567
5084,5565
5085,5567
5086,5565
5087,5567
5088,5565
5089,5567
5090,5565
5091,5567
5092,5565
5093,5567
5094,5565
5095,5567
5096,5565
5097,5567
5098,5565
5099,5567
5100,5565
5101,5567
5102,5565
5103,5567
5104,5565
5105,5567
5106,5565
5107,5567
5108,5565
5109,5567
5110,5565
5111,5567
5112,5565
5113,5567
5114,5565
5115,5567
5116,5565
5117,5567
5118,5565
5119,5567
5120,5565
5121,5567
5122,5565
5123,5567
5124,5565
5125,5567
5126,5565
5127,5567
5128,5565
5129,5567
5130,5565
5131,5567
5132,5565
5133,5567
5134,5565
5135,5567
5136,5565
5137,5567
5138,5565
5139,5567
5140,5565
5141,5567
5142,5565
5143,5567
5144,5565
5145,5567
5146,5565
5147,5567
5148,5565
5149,5567
5150,5565
5151,5567
5152,5565
5153,5567
5154,5565
5155,5567
5156,5565
5157,5567
5158,5565
5159,5567
5160,5565
5161,5567
5162,5565
5163,5567
5164,5565
5165,5567
5166,5565
5167,5567
5168,5565
5169,5567
5170,5565
5171,5567
5172,5565
5173,5567
5174,5565
5175,5567
5176,5565
5177,5567
5178,5565
5179,5567
5180,5565
5181,5567
5182,5565
5183,5567
5184,5565
5185,5567
5186,5565
5187,5567
5188,5565
5189,5567
5190,5565
5191,5567
5192,5565
5193,5567
5194,5565
5195,5567
5196,5565
5197,5567
5198,5565
5199,5567
5200,5565
5201,5567
5202,5565
5203,5567
5204,5565
5205,5567
5206,5565
5207,5567
5208,5565
5209,5567
5210,5565
5211,5567
5212,5565
5213,5567
5214,5565
5215,5567
5216,5565
5217,5567
5218,5565
5219,5567
5220,5565
5221,5567
5222,5565
5223,5567
5224,5565
5225,5567
5226,5565
5227,5567
5228,5565
5229,5567
5230,5565
5231,5567
5232,5565
5233,5567
5234,5565
5235,5567
5236,5565
5237,5567
5238,5565
5239,5567
5240,5565
5241,5567
5242,5565
5243,5567
5244,5565
5245,5567
5246,5565
5247,5567
5248,5565
5249,5567
5250,5565
5251,5567
5252,5565
5253,5567
5254,5565
5255,5567
5256,5565
5257,5567
5258,5565
5259,5567
5260,5565
5261,5567
5262,5565
5263,5567
5264,5565
5265,5567
5266,5565
5267,5567
5268,5565
5269,5567
5270,5565
5271,5567
5272,5565
5273,5567
5274,5565
5275,5567
5276,5565
5277,5567
5278,5565
5279,5567
5280,5565
5281,5567
5282,5565
5283,5567
5284,5565
5285,5567
5286,5565
5287,5567
5288,5565
5289,5567
5290,5565
5291,5567
5292,5565
5293,5567
5294,5565
5295,5567
5296,5565
5297,5567
5298,5565
5299,5567
5300,5565
5301,5567
5302,5565
5303,5567
5304,5565
5305,5567
5306,5565
5307,5567
5308,5565
5309,5567
5310,5565
5311,5567
5312,5565
5313,5567
5314,5565
5315,5567
5316,5565
5317,5567
5318,5565
5319,5567
5320,5565
5321,5567
5322,5565
5323,5567
5324,5565
5325,5567
5326,5565
5327,5567
5328,5565
5329,5567
5330,5565
5331,5567
5332,5565
5333,5567
5334,5565
5335,5567
5336,5565
5337,5567
5338,5565
5339,5567
5340,5565
5341,5567
5342,5565
5343,5567
5344,5565
5345,5567
5346,5565
5347,5567
5348,5565
5349,5567
5350,5565
5351,5567
5352,5565
5353,5567
5354,5565
5355,5567
5356,5565
5357,5567
5358,5565
5359,5567
5360,5565
5361,5567
5362,5565
5363,5567
5364,5565
5365,5567
5366,5565
5367,5567
5368,5565
5369,5567
5370,5565
5371,5567
5372,5565
5373,5567
5374,5565
5375,5567
5376,5565
5377,5567
5378,5565
5379,5567
5380,5565
5381,5567
5382,5565
5383,5567
5384,5565
5385,5567
5386,5565
5387,5567
5388,5565
5389,5567
5390,5565
5391,5567
5392,5565
5393,5567
5394,5565
5395,5567
5396,5565
5397,5567
5398,5565
5399,5567
5400,5565
5401,5567
5402,5565
5403,5567
5404,5565
5405,5567
5406,5565
5407,5567
5408,5565
5409,5567
5410,5565
5411,5567
5412,5565
5413,5567
5414,5565
5415,5567
5416,5565
5417,5567
5418,5565
5419,5567
5420,5565
5421,5567
5422,5565
5423,5567
5424,5565
5425,5567
5426,5565
5427,5567
5428,5565
5429,5567
5430,5565
5431,5567
5432,5565
5433,5567
5434,5565
5435,5567
5436,5565
5437,5567
5438,5565
5439,5567
5440,5565
5441,5567
5442,5565
5443,5567
5444,5565
5445,5567
5446,5565
5447,5567
5448,5565
5449,5567
5450,5565
5451,5567
5452,5565
5453,5567
5454,5565
5455,5567
5456,5565
5457,5567
5458,5565
5459,5567
5460,5565
5461,5567
5462,5565
5463,5567
5464,5565
5465,5567
5466,5565
5467,5567
5468,5565
5469,5567
5470,5565
5471,5567
5472,5565
5473,5567
5474,5565
5475,5567
5476,5565
5477,5567
5478,5565
5479,5567
5480,5565
5481,5567
5482,5565
5483,5567
5484,5565
5485,5567
5486,5565
5487,5567
5488,5565
5489,5567
5490,5565
5491,5567
5492,5565
5493,5567
5494,5565
5495,5567
5496,5565
5497,5567
5498,5565
5499,5567
5500,5565
5501,5567
5502,5565
5503,5567
5504,5565
5505,5567
5506,5565
5507,5567
5508,5565
5509,5567
5510,5565
5511,5567
5512,5565
5513,5567
5514,5565
5515,5567
5516,5565
5517,5567
5518,5565
5519,5567
5520,5565
5521,5567
5522,5565
5523,5567
5524,5565
5525,5567
5526,5565
5527,5567
5528,5565
5529,5567
5530,5565
5531,5567
5532,5565
5533,5567
5534,5565
5535,5567
5536,5565
5537,5567
5538,5565
5539,5567
5540,5565
5541,5567
5542,5565
5543,5567
5544,5565
5545,5567
5546,5565
5547,5567
5548,5565
5549,5567
5550,5565
5551,5567
5552,5565
5553,5567
5554,5565
5555,5567
5556,5565
5557,5567
5558,5565
5559,5567
5560,5565
5561,5567
5562,5565
5563,5567
5564,5565
5565,5567
5566,5565
5567,5567
5568,5565
5569,5567
5570,5565
5571,5567
5572,5565
5573,5567
5574,5565
5575,5567
5576,5565
5577,5567
5578,5565
5579,5567
5580,5565
5581,5567
5582,5565
5583,5567
5584,5565
5585,5567
5586,5565
5587,5567
5588,5565
5589,5567
5590,5565
5591,5567
5592,5565
5593,5567
5594,5565
5595,5567
5596,5565
5597,5567
5598,5565
5599,5567
5600,5565
5601,5567
5602,5565
5603,5567
5604,5565
5605,5567
5606,5565
5607,5567
5608,5565
5609,5567
5610,5565
5611,5567
5612,5565
5613,5567
5614,5565
5615,5567
5616,5565
5617,5567
5618,5565
5619,5567
5620,5565
5621,5567
5622,5565
5623,5567
5624,5565
5625,5567
5626,5565
5627,5567
5628,5565
5629,5567
5630,5565
5631,5567
5632,5565
5633,5567
5634,5565
5635,5567
5636,5565
5637,5567
5638,5565
5639,5567
5640,5565
5641,5567
5642,5565
5643,5567
5644,5565
5645,5567
5646,5565
5647,5567
5648,5565
5649,5567
5650,5565
5651,5567
5652,5565
5653,5567
5654,5565
5655,5567
5656,5565
5657,5567
5658,5565
5659,5567
5660,5565
5661,5567
5662,5565
5663,5567
5664,5565
5665,5567
5666,5565
5667,5567
5668,5565
5669,5567
5670,5565
5671,5567
5672,5565
5673,5567
5674,5565
5675,5567
5676,5565
5677,5567
5678,5565
5679,5567
5680,5565
5681,5567
5682,5565
5683,5567
5684,5565
5685,5567
5686,5565
5687,5567
5688,5565
5689,5567
5690,5565
5691,5567
5692,5565
5693,5567
5694,5565
5695,5567
5696,5565
5697,5567
5698,5565
5699,5567
5700,5565
5701,5567
5702,5565
5703,5567
5704,5565
5705,5567
5706,5565
5707,5567
5708,5565
5709,5567
5710,5565
5711,5567
5712,5565
5713,5567
5714,5565
5715,5567
5716,5565
5717,5567
5718,5565
5719,5567
5720,5565
5721,5567
5722,5565
5723,5567
5724,5565
5725,5567
5726,5565
5727,5567
5728,5565
5729,5567
5730,5565
5731,5567
5732,5565
5733,5567
5734,5565
5735,5567
5736,5565
5737,5567
5738,5565
5739,5567
5740,5565
5741,5567
5742,5565
5743,5567
5744,5565
5745,5567
5746,5565
5747,5567
5748,5565
5749,5567
5750,5565
5751,5567
5752,5565
5753,5567
5754,5565
5755,5567
5756,5565
5757,5567
5758,5565
5759,5567
5760,5565
5761,5567
5762,5565
5763,5567
5764,5565
5765,5567
5766,5565
5767,5567
5768,5565
5769,5567
5770,5565
5771,5567
5772,5565
5773,5567
5774,5565
5775,5567
5776,5565
5777,5567
5778,5565
5779,5567
5780,5565
5781,5567
5782,5565
5783,5567
5784,5565
5785,5567
5786,5565
5787,5567
5788,5565
5789,5567
5790,5565
5791,5567
5792,5565
5793,5567
5794,5565
5795,5567
5796,5565
5797,5567
5798,5565
5799,5567
5800,5565
5801,5567
5802,5565
5803,5567
5804,5565
5805,5567
5806,5565
5807,5567
5808,5565
5809,5567
5810,5565
5811,5567
5812,5565
5813,5567
5814,5565
5815,5567
5816,5565
5817,5567
5818,5565
5819,5567
5820,5565
5821,5567
5822,5565
5823,5567
5824,5565
5825,5567
5826,5565
5827,5567
5828,5565
5829,5567
5830,5565
5831,5567
5832,5565
5833,5567
5834,5565
5835,5567
5836,5565
5837,5567
5838,5565
5839,5567
5840,5565
5841,5567
5842,5565
5843,5567
5844,5565
5845,5567
5846,5565
5847,5567
5848,5565
5849,5567
5850,5565
5851,5567
5852,5565
5853,5567
5854,5565
5855,5567
5856,5565
5857,5567
5858,5565
5859,5567
5860,5565
5861,5567
5862,5565
5863,5567
5864,5565
5865,5567
5866,5565
5867,5567
5868,5565
5869,5567
5870,5565
5871,5567
5872,5565
5873,5567
5874,5565
5875,5567
5876,5565
5877,5567
5878,5565
5879,5567
5880,5565
5881,5567
5882,5565
5883,5567
5884,5565
5885,5567
5886,5565
5887,5567
5888,5565
5889,5567
5890,5565
5891,5567
5892,5565
5893,5567
5894,5565
5895,5567
5896,5565
5897,5567
5898,5565
5899,5567
5900,5565
5901,5567
5902,5565
5903,5567
5904,5565
5905,5567
5906,5565
5907,5567
5908,5565
5909,5567
5910,5565
5911,5567
5912,5565
5913,5567
5914,5565
5915,5567
5916,5565
5917,5567
5918,5565
5919,5567
5920,5565
5921,5567
5922,5565
5923,5567
5924,5565
5925,5567
5926,5565
5927,5567
5928,5565
5929,5567
5930,5565
5931,5567
5932,5565
5933,5567
5934,5565
5935,5567
5936,5565
5937,5567
5938,5565
5939,5567
5940,5565
5941,5567
5942,5565
5943,5567
5944,5565
5945,5567
5946,5565
5947,5567
5948,5565
5949,5567
5950,5565
5951,5567
5952,5565
5953,5567
5954,5565
5955,5567
5956,5565
5957,5567
5958,5565
5959,5567
5960,5565
5961,5567
5962,5565
5963,5567
5964,5565
5965,5567
5966,5565
5967,5567
5968,5565
5969,5567
5970,5565
5971,5567
5972,5565
5973,5567
5974,5565
5975,5567
5976,5565
5977,5567
5978,5565
5979,5567
5980,5565
5981,5567
5982,5565
5983,5567
5984,5565
5985,5567
5986,5565
5987,5567
5988,5565
5989,5567
5990,5565
5991,5567
5992,5565
5993,5567
5994,5565
5995,5567
5996,5565
5997,5567
5998,5565
5999,5567
6000,5565
6001,5567
6002,5565
6003,5567
6004,5565
6005,5567
6006,5565
6007,5567
6008,5565
6009,5567
6010,5565
6011,5567
6012,5565
6013,5567
6014,5565
6015,5567
6016,5565
6017,5567
6018,5565
6019,5567
6020,5565
6021,5567
6022,5565
6023,5567
6024,5565
6025,5567
6026,5565
6027,5567
6028,5565
6029,5567
6030,5565
6031,5567
6032,5565
6033,5567
6034,5565
6035,5567
6036,5565
6037,5567
6038,5565
6039,5567
6040,5565
6041,5567
6042,5565
6043,5567
6044,5565
6045,5567
6046,5565
6047,5567
6048,5565
6049,5567
6050,5565
6051,5567
6052,5565
6053,5567
6054,5565
6055,5567
6056,5565
6057,5567
6058,5565
6059,5567
6060,5565
6061,5567
6062,5565
6063,5567
6064,5565
6065,5567
6066,5565
6067,5567
6068,5565
6069,5567
6070,5565
6071,5567
6072,5565
6073,5567
6074,5565
6075,5567
6076,5565
6077,5567
6078,5565
6079,5567
6080,5565
6081,5567
6082,5565
6083,5567
6084,5565
6085,5567
6086,5565
6087,5567
6088,5565
6089,5567
6090,5565
6091,5567
6092,5565
6093,5567
6094,5565
6095,5567
6096,5565
6097,5567
6098,5565
6099,5567
6100,5565
6101,5567
6102,5565
6103,5567
6104,5565
6105,5567
6106,5565
6107,5567
6108,5565
6109,5567
6110,5565
6111,5567
6112,5565
6113,5567
6114,5565
6115,5567
6116,5565
6117,5567
6118,5565
6119,5567
6120,5565
6121,5567
6122,5565
6123,5567
6124,5565
6125,5567
6126,5565
6127,5567
6128,5565
6129,5567
6130,5565
6131,5567
6132,5565
6133,5567
6134,5565
6135,5567
6136,5565
6137,5567
6138,5565
6139,5567
6140,5565
6141,5567
6142,5565
6143,5567
6144,5565
6145,5567
6146,5565
6147,5567
6148,5565
6149,5567
6150,5565
6151,5567
6152,5565
6153,5567
6154,5565
6155,5567
6156,5565
6157,5567
6158,5565
6159,5567
6160,5565
6161,5567
6162,5565
6163,5567
6164,5565
6165,5567
6166,5565
6167,5567
6168,5565
6169,5567
6170,5565
6171,5567
6172,5565
6173,5567
6174,5565
6175,5567
6176,5565
6177,5567
6178,5565
6179,5567
6180,5565
6181,5567
6182,5565
6183,5567
6184,5565
6185,5567
6186,5565
6187,5567
6188,5565
6189,5567
6190,5565
6191,5567
6192,5565
6193,5567
6194,5565
6195,5567
6196,5565
6197,5567
6198,5565
6199,5567
6200,5565
6201,5567
6202,5565
6203,5567
6204,5565
6205,5567
6206,5565
6207,5567
6208,5565
6209,5567
6210,5565
6211,5567
6212,5565
6213,5567
6214,5565
6215,5567
6216,5565
6217,5567
6218,5565
6219,5567
6220,5565
6221,5567
6222,5565
6223,5567
6224,5565
6225,5567
6226,5565
6227,5567
6228,5565
6229,5567
6230,5565
6231,5567
6232,5565
6233,5567
6234,5565
6235,5567
6236,5565
6237,5567
6238,5565
6239,5567
6240,5565
6241,5567
6242,5565
6243,5567
6244,5565
6245,5567
6246,5565
6247,5567
6248,5565
6249,5567
6250,5565
6251,5567
6252,5565
6253,5567
6254,5565
6255,5567
6256,5565
6257,5567
6258,5565
6259,5567
6260,5565
6261,5567
6262,5565
6263,5567
6264,5565
6265,5567
6266,5565
6267,5567
6268,5565
6269,5567
6270,5565
6271,5567
6272,5565
6273,5567
6274,5565
6275,5567
6276,5565
6277,5567
6278,5565
6279,5567
6280,5565
6281,5567
6282,5565
6283,5567
6284,5565
6285,5567
6286,5565
6287,5567
6288,5565
6289,5567
6290,5565
6291,5567
6292,5565
6293,5567
6294,5565
6295,5567
6296,5565
6297,5567
6298,5565
6299,5567
6300,5565
6301,5567
6302,5565
6303,5567
6304,5565
6305,5567
6306,5565
6307,5567
6308,5565
6309,5567
6310,5565
6311,5567
6312,5565
6313,5567
6314,5565
6315,5567
6316,5565
6317,5567
6318,5565
6319,5567
6320,5565
6321,5567
6322,5565
6323,5567
6324,5565
6325,5567
6326,5565
6327,5567
6328,5565
6329,5567
6330,5565
6331,5567
6332,5565
6333,5567
6334,5565
6335,5567
6336,5565
6337,5567
6338,5565
6339,5567
6340,5565
6341,5567
6342,5565
6343,5567
6344,5565
6345,5567
6346,5565
6347,5567
6348,5565
6349,5567
6350,5565
6351,5567
6352,5565
6353,5567
6354,5565
6355,5567
6356,5565
6357,5567
6358,5565
6359,5567
6360,5565
6361,5567
6362,5565
6363,5567
6364,5565
6365,5567
6366,5565
6367,5567
6368,5565
6369,5567
6370,5565
6371,5567
6372,5565
6373,5567
6374,5565
6375,5567
6376,5565
6377,5567
6378,5565
6379,5567
6380,5565
6381,5567
6382,5565
6383,5567
6384,5565
6385,5567
6386,5565
6387,5567
6388,5565
6389,5567
6390,5565
6391,5567
6392,5565
6393,5567
6394,5565
6395,5567
6396,5565
6397,5567
6398,5565
6399,5567
6400,5565
6401,5567
6402,5565
6403,5567
6404,5565
6405,5567
6406,5565
6407,5567
6408,5565
6409,5567
6410,5565
6411,5567
6412,5565
6413,5567
6414,5565
6415,5567
6416,5565
6417,5567
6418,5565
6419,5567
6420,5565
6421,5567
6422,5565
6423,5567
6424,5565
6425,5567
6426,5565
6427,5567
6428,5565
6429,5567
6430,5565
6431,5567
6432,5565
6433,5567
6434,5565
6435,5567
6436,5565
6437,5567
6438,5565
6439,5567
6440,5565
6441,5567
6442,5565
6443,5567
6444,5565
6445,5567
6446,5565
6447,5567
6448,5565
6449,5567
6450,5565
6451,5567
6452,5565
6453,5567
6454,5565
6455,5567
6456,5565
6457,5567
6458,5565
6459,5567
6460,5565
6461,5567
6462,5565
6463,5567
6464,5565
6465,5567
6466,5565
6467,5567
6468,5565
6469,5567
6470,5565
6471,5567
6472,5565
6473,5567
6474,5565
6475,5567
6476,5565
6477,5567
6478,5565
6479,5567
6480,5565
6481,5567
6482,5565
6483,5567
6484,5565
6485,5567
6486,5565
6487,5567
6488,5565
6489,5567
6490,5565
6491,5567
6492,5565
6493,5567
6494,5565
6495,5567
6496,5565
6497,5567
6498,5565
6499,5567
6500,5565
6501,5567
6502,5565
6503,5567
6504,5565
6505,5567
6506,5565
6507,5567
6508,5565
6509,5567
6510,5565
6511,5567
6512,5565
6513,5567
6514,5565
6515,5567
6516,5565
6517,5567
6518,5565
6519,5567
6520,5565
6521,5567
6522,5565
6523,5567
6524,5565
6525,5567
6526,5565
6527,5567
6528,5565
6529,5567
6530,5565
6531,5567
6532,5565
6533,5567
6534,5565
6535,5567
6536,5565
6537,5567
6538,5565
6539,5567
6540,5565
6541,5567
6542,5565
6543,5567
6544,5565
6545,5567
6546,5565
6547,5567
6548,5565
6549,5567
6550,5565
6551,5567
6552,5565
6553,5567
6554,5565
6555,5567
6556,5565
6557,5567
6558,5565
6559,5567
6560,5565
6561,5567
6562,5565
6563,5567
6564,5565
6565,5567
6566,5565
6567,5567
6568,5565
6569,5567
6570,5565
6571,5567
6572,5565
6573,5567
6574,5565
6575,5567
6576,5565
6577,5567
6578,5565
6579,5567
6580,5565
6581,5567
6582,5565
6583,5567
6584,5565
6585,5567
6586,5565
6587,5567
6588,5565
6589,5567
6590,5565
6591,5567
6592,5565
6593,5567
6594,5565
6595,5567
6596,5565
6597,5567
6598,5565
6599,5567
6600,5565
6601,5567
6602,5565
6603,5567
6604,5565
6605,5567
6606,5565
6607,5567
6608,5565
6609,5567
6610,5565
6611,5567
6612,5565
6613,5567
6614,5565
6615,5567
6616,5565
6617,5567
6618,5565
6619,5567
6620,5565
6621,5567
6622,5565
6623,5567
6624,5565
6625,5567
6626,5565
6627,5567
6628,5565
6629,5567
6630,5565
6631,5567
6632,5565
6633,5567
6634,5565
6635,5567
6636,5565
6637,5567
6638,5565
6639,5567
6640,5565
6641,5567
6642,5565
6643,5567
6644,5565
6645,5567
6646,5565
6647,5567
6648,5565
6649,5567
6650,5565
6651,5567
6652,5565
6653,5567
6654,5565
6655,5567
6656,5565
6657,5567
6658,5565
6659,5567
6660,5565
6661,5567
6662,5565
6663,5567
6664,5565
6665,5567
6666,5565
6667,5567
6668,5565
6669,5567
6670,5565
6671,5567
6672,5565
6673,5567
6674,5565
6675,5567
6676,5565
6677,5567
6678,5565
6679,5567
6680,5565
6681,5567
6682,5565
6683,5567
6684,5565
6685,5567
6686,5565
6687,5567
6688,5565
6689,5567
6690,5565
6691,5567
6692,5565
6693,5567
6694,5565
6695,5567
6696,5565
6697,5567
6698,5565
6699,5567
6700,5565
6701,5567
6702,5565
6703,5567
6704,5565
6705,5567
6706,5565
6707,5567
6708,5565
6709,5567
6710,5565
6711,5567
6712,5565
6713,5567
6714,5565
6715,5567
6716,5565
6717,5567
6718,5565
6719,5567
6720,5565
6721,5567
6722,5565
6723,5567
6724,5565
6725,5567
6726,5565
6727,5567
6728,5565
6729,5567
6730,5565
6731,5567
6732,5565
6733,5567
6734,5565
6735,5567
6736,5565
6737,5567
6738,5565
6739,5567
6740,5565
6741,5567
6742,5565
6743,5567
6744,5565
6745,5567
6746,5565
6747,5567
6748,5565
6749,5567
6750,5565
6751,5567
6752,5565
6753,5567
6754,5565
6755,5567
6756,5565
6757,5567
6758,5565
6759,5567
6760,5565
6761,5567
6762,5565
6763,5567
6764,5565
6765,5567
6766,5565
6767,5567
6768,5565
6769,5567
6770,5565
6771,5567
6772,5565
6773,5567
6774,5565
6775,5567
6776,5565
6777,5567
6778,5565
6779,5567
6780,5565
6781,5567
6782,5565
6783,5567
6784,5565
6785,5567
6786,5565
6787,5567
6788,5565
6789,5567
6790,5565
6791,5567
6792,5565
6793,5567
6794,5565
6795,5567
6796,5565
6797,5567
6798,5565
6799,5567
6800,5565
6801,5567
6802,5565
6803,5567
6804,5565
6805,5567
6806,5565
6807,5567
6808,5565
6809,5567
6810,5565
6811,5567
6812,5565
6813,5567
6814,5565
6815,5567
6816,5565
6817,5567
6818,5565
6819,5567
6820,5565
6821,5567
6822,5565
6823,5567
6824,5565
6825,5567
6826,5565
6827,5567
6828,5565
6829,5567
6830,5565
6831,5567
6832,5565
6833,5567
6834,5565
6835,5567
6836,5565
6837,5567
6838,5565
6839,5567
6840,5565
6841,5567
6842,5565
6843,5567
6844,5565
6845,5567
6846,5565
6847,5567
6848,5565
6849,5567
6850,5565
6851,5567
6852,5565
6853,5567
6854,5565
6855,5567
6856,5565
6857,5567
6858,5565
6859,5567
6860,5565
6861,5567
6862,5565
6863,5567
6864,5565
6865,5567
6866,5565
6867,5567
6868,5565
6869,5567
6870,5565
6871,5567
6872,5565
6873,5567
6874,5565
6875,5567
6876,5565
6877,5567
6878,5565
6879,5567
6880,5565
6881,5567
6882,5565
6883,5567
6884,5565
6885,5567
6886,5565
6887,5567
6888,5565
6889,5567
6890,5565
6891,5567
6892,5565
6893,5567
6894,5565
6895,5567
6896,5565
6897,5567
6898,5565
6899,5567
6900,5565
6901,5567
6902,5565
6903,5567
6904,5565
6905,5567
6906,5565
6907,5567
6908,5565
6909,5567
6910,5565
6911,5567
6912,5565
6913,5567
6914,5565
6915,5567
6916,5565
6917,5567
6918,5565
6919,5567
6920,5565
6921,5567
6922,5565
6923,5567
6924,5565
6925,5567
6926,5565
6927,5567
6928,5565
6929,5567
6930,5565
6931,5567
6932,5565
6933,5567
6934,5565
6935,5567
6936,5565
6937,5567
6938,5565
6939,5567
6940,5565
6941,5567
6942,5565
6943,5567
6944,5565
6945,5567
6946,5565
6947,5567
6948,5565
6949,5567
6950,5565
6951,5567
6952,5565
6953,5567
6954,5565
6955,5567
6956,5565
6957,5567
6958,5565
6959,5567
6960,5565
6961,5567
6962,5565
6963,5567
6964,5565
6965,5567
6966,5565
6967,5567
6968,5565
6969,5567
6970,5565
6971,5567
6972,5565
6973,5567
6974,5565
6975,5567
6976,5565
6977,5567
6978,5565
6979,5567
6980,5565
6981,5567
6982,5565
6983,5567
6984,5565
6985,5567
6986,5565
6987,5567
6988,5565
6989,5567
6990,5565
6991,5567
6992,5565
6993,5567
6994,5565
6995,5567
6996,5565
6997,5567
6998,5565
6999,5567
7000,5565
7001,5567
7002,5565
7003,5567
7004,5565
7005,5567
7006,5565
7007,5567
7008,5565
7009,5567
7010,5565
7011,5567
7012,5565
7013,5567
7014,5565
7015,5567
7016,5565
7017,5567
7018,5565
7019,5567
7020,5565
7021,5567
7022,5565
7023,5567
7024,5565
7025,5567
7026,5565
7027,5567
7028,5565
7029,5567
7030,5565
7031,5567
7032,5565
7033,5567
7034,5565
7035,5567
7036,5565
7037,5567
7038,5565
7039,5567
7040,5565
7041,5567
7042,5565
7043,5567
7044,5565
7045,5567
7046,5565
7047,5567
7048,5565
7049,5567
7050,5565
7051,5567
7052,5565
7053,5567
7054,5565
7055,5567
7056,5565
7057,5567
7058,5565
7059,5567
7060,5565
7061,5567
7062,5565
7063,5567
7064,5565
7065,5567
7066,5565
7067,5567
7068,5565
7069,5567
7070,5565
7071,5567
7072,5565
7073,5567
7074,5565
7075,5567
7076,5565
7077,5567
7078,5565
7079,5567
7080,5565
7081,5567
7082,5565
7083,5567
7084,5565
7085,5567
7086,5565
7087,5567
7088,5565
7089,5567
7090,5565
7091,5567
7092,5565
7093,5567
7094,5565
7095,5567
7096,5565
7097,5567
7098,5565
7099,5567
7100,5565
7101,5567
7102,5565
7103,5567
7104,5565
7105,5567
7106,5565
7107,5567
7108,5565
7109,5567
7110,5565
7111,5567
7112,5565
7113,5567
7114,5565
7115,5567
7116,5565
7117,5567
7118,5565
7119,5567
7120,5565
7121,5567
7122,5565
7123,5567
7124,5565
7125,5567
7126,5565
7127,5567
7128,5565
7129,5567
7130,5565
7131,5567
7132,5565
7133,5567
7134,5565
7135,5567
7136,5565
7137,5567
7138,5565
7139,5567
7140,5565
7141,5567
7142,5565
7143,5567
7144,5565
7145,5567
7146,5565
7147,5567
7148,5565
7149,5567
7150,5565
7151,5567
7152,5565
7153,5567
7154,5565
7155,5567
7156,5565
7157,5567
7158,5565
7159,5567
7160,5565
7161,5567
7162,5565
7163,5567
7164,5565
7165,5567
7166,5565
7167,5567
7168,5565
7169,5567
7170,5565
7171,5567
7172,5565
7173,5567
7174,5565
7175,5567
7176,5565
7177,5567
7178,5565
7179,5567
7180,5565
7181,5567
7182,5565
7183,5567
7184,5565
7185,5567
7186,5565
7187,5567
7188,5565
7189,5567
7190,5565
7191,5567
7192,5565
7193,5567
7194,5565
7195,5567
7196,5565
7197,5567
7198,5565
7199,5567
7200,5565
7201,5567
7202,5565
7203,5567
7204,5565
7205,5567
7206,5565
7207,5567
7208,5565
7209,5567
7210,5565
7211,5567
7212,5565
7213,5567
7214,5565
7215,5567
7216,5565
7217,5567
7218,5565
7219,5567
7220,5565
7221,5567
7222,5565
7223,5567
7224,5565
7225,5567
7226,5565
7227,5567
7228,5565
7229,5567
7230,5565
7231,5567
7232,5565
7233,5567
7234,5565
7235,5567
7236,5565
7237,5567
7238,5565
7239,5567
7240,5565
7241,5567
7242,5565
7243,5567
7244,5565
7245,5567
7246,5565
7247,5567
7248,5565
7249,5567
7250,5565
7251,5567
7252,5565
7253,5567
7254,5565
7255,5567
7256,5565
7257,5567
7258,5565
7259,5567
7260,5565
7261,5567
7262,5565
7263,5567
7264,5565
7265,5567
7266,5565
7267,5567
7268,5565
7269,5567
7270,5565
7271,5567
7272,5565
7273,5567
7274,5565
7275,5567
7276,5565
7277,5567
7278,5565
7279,5567
7280,5565
7281,5567
7282,5565
7283,5567
7284,5565
7285,5567
7286,5565
7287,5567
7288,5565
7289,5567
7290,5565
7291,5567
7292,5565
7293,5567
7294,5565
7295,5567
7296,5565
7297,5567
7298,5565
7299,5567
7300,5565
7301,5567
7302,5565
7303,5567
7304,5565
7305,5567
7306,5565
7307,5567
7308,5565
7309,5567
7310,5565
7311,5567
7312,5565
7313,5567
7314,5565
7315,5567
7316,5565
7317,5567
7318,5565
7319,5567
7320,5565
7321,5567
7322,5565
7323,5567
7324,5565
7325,5567
7326,5565
7327,5567
7328,5565
7329,5567
7330,5565
7331,5567
7332,5565
7333,5567
7334,5565
7335,5567
7336,5565
7337,5567
7338,5565
7339,5567
7340,5565
7341,5567
7342,5565
7343,5567
7344,5565
7345,5567
7346,5565
7347,5567
7348,5565
7349,5567
7350,5565
7351,5567
7352,5565
7353,5567
7354,5565
7355,5567
7356,5565
7357,5567
7358,5565
7359,5567
7360,5565
7361,5567
7362,5565
7363,5567
7364,5565
7365,5567
7366,5565
7367,5567
7368,5565
7369,5567
7370,5565
7371,5567
7372,5565
7373,5567
7374,5565
7375,5567
7376,5565
7377,5567
7378,5565
7379,5567
7380,5565
7381,5567
7382,5565
7383,5567
7384,5565
7385,5567
7386,5565
7387,5567
7388,5565
7389,5567
7390,5565
7391,5567
7392,5565
7393,5567
7394,5565
7395,5567
7396,5565
7397,5567
7398,5565
7399,5567
7400,5565
7401,5567
7402,5565
7403,5567
7404,5565
7405,5567
7406,5565
7407,5567
7408,5565
7409,5567
7410,5565
7411,5567
7412,5565
7413,5567
7414,5565
7415,5567
7416,5565
7417,5567
7418,5565
7419,5567
7420,5565
7421,5567
7422,5565
7423,5567
7424,5565
7425,5567
7426,5565
7427,5567
7428,5565
7429,5567
7430,5565
7431,5567
7432,5565
7433,5567
7434,5565
7435,5567
7436,5565
7437,5567
7438,5565
7439,5567
7440,5565
7441,5567
7442,5565
7443,5567
7444,5565
7445,5567
7446,5565
7447,5567
7448,5565
7449,5567
7450,5565
7451,5567
7452,5565
7453,5567
7454,5565
7455,5567
7456,5565
7457,5567
7458,5565
7459,5567
7460,5565
7461,5567
7462,5565
7463,5567
7464,5565
7465,5567
7466,5565
7467,5567
7468,5565
7469,5567
7470,5565
7471,5567
7472,5565
7473,5567
7474,5565
7475,5567
7476,5565
7477,5567
7478,5565
7479,5567
7480,5565
7481,5567
7482,5565
7483,5567
7484,5565
7485,5567
7486,5565
7487,5567
7488,5565
7489,5567
7490,5565
7491,5567
7492,5565
7493,5567
7494,5565
7495,5567
7496,5565
7497,5567
7498,5565
7499,5567
7500,5565
7501,5567
7502,5565
7503,5567
7504,5565
7505,5567
7506,5565
7507,5567
7508,5565
7509,5567
7510,5565
7511,5567
7512,5565
7513,5567
7514,5565
7515,5567
7516,5565
7517,5567
7518,5565
7519,5567
7520,5565
7521,5567
7522,5565
7523,5567
7524,5565
7525,5567
7526,5565
7527,5567
7528,5565
7529,5567
7530,5565
7531,5567
7532,5565
7533,5567
7534,5565
7535,5567
7536,5565
7537,5567
7538,5565
7539,5567
7540,5565
7541,5567
7542,5565
7543,5567
7544,5565
7545,5567
7546,5565
7547,5567
7548,5565
7549,5567
7550,5565
7551,5567
7552,5565
7553,5567
7554,5565
7555,5567
7556,5565
7557,5567
7558,5565
7559,5567
7560,5565
7561,5567
7562,5565
7563,5567
7564,5565
7565,5567
7566,5565
7567,5567
7568,5565
7569,5567
7570,5565
7571,5567
7572,5565
7573,5567
7574,5565
7575,5567
7576,5565
7577,5567
7578,5565
7579,5567
7580,5565
7581,5567
7582,5565
7583,5567
7584,5565
7585,5567
7586,5565
7587,5567
7588,5565
7589,5567
7590,5565
7591,5567
7592,5565
7593,5567
7594,5565
7595,5567
7596,5565
7597,5567
7598,5565
7599,5567
7600,5565
7601,5567
7602,5565
7603,5567
7604,5565
7605,5567
7606,5565
7607,5567
7608,5565
7609,5567
7610,5565
7611,5567
7612,5565
7613,5567
7614,5565
7615,5567
7616,5565
7617,5567
7618,5565
7619,5567
7620,5565
7621,5567
7622,5565
7623,5567
7624,5565
7625,5567
7626,5565
7627,5567
7628,5565
7629,5567
7630,5565
7631,5567
7632,5565
7633,5567
7634,5565
7635,5567
7636,5565
7637,5567
7638,5565
7639,5567
7640,5565
7641,5567
7642,5565
7643,5567
7644,5565
7645,5567
7646,5565
7647,5567
7648,5565
7649,5567
7650,5565
7651,5567
7652,5565
7653,5567
7654,5565
7655,5567
7656,5565
7657,5567
7658,5565
7659,5567
7660,5565
7661,5567
7662,5565
7663,5567
7664,5565
7665,5567
7666,5565
7667,5567
7668,5565
7669,5567
7670,5565
7671,5567
7672,5565
7673,5567
7674,5565
7675,5567
7676,5565
7677,5567
7678,5565
7679,5567
7680,5565
7681,5567
7682,5565
7683,5567
7684,5565
7685,5567
7686,5565
7687,5567
7688,5565
7689,5567
7690,5565
7691,5567
7692,5565
7693,5567
7694,5565
7695,5567
7696,5565
7697,5567
7698,5565
7699,5567
7700,5565
7701,5567
7702,5565
7703,5567
7704,5565
7705,5567
7706,5565
7707,5567
7708,5565
7709,5567
7710,5565
7711,5567
7712,5565
7713,5567
7714,5565
7715,5567
7716,5565
7717,5567
7718,5565
7719,5567
7720,5565
7721,5567
7722,5565
7723,5567
7724,5565
7725,5567
7726,5565
7727,5567
7728,5565
7729,5567
7730,5565
7731,5567
7732,5565
7733,5567
7734,5565
7735,5567
7736,5565
7737,5567
7738,5565
7739,5567
7740,5565
7741,5567
7742,5565
7743,5567
7744,5565
7745,5567
7746,5565
7747,5567
7748,5565
7749,5567
7750,5565
7751,5567
7752,5565
7753,5567
7754,5565
7755,5567
7756,5565
7757,5567
7758,5565
7759,5567
7760,5565
7761,5567
7762,5565
7763,5567
7764,5565
7765,5567
7766,5565
7767,5567
7768,5565
7769,5567
7770,5565
7771,5567
7772,5565
7773,5567
7774,5565
7775,5567
7776,5565
7777,5567
7778,5565
7779,5567
7780,5565
7781,5567
7782,5565
7783,5567
7784,5565
7785,5567
7786,5565
7787,5567
7788,5565
7789,5567
7790,5565
7791,5567
7792,5565
7793,5567
7794,5565
7795,5567
7796,5565
7797,5567
7798,5565
7799,5567
7800,5565
7801,5567
7802,5565
7803,5567
7804,5565
7805,5567
7806,5565
7807,5567
7808,5565
7809,5567
7810,5565
7811,5567
7812,5565
7813,5567
7814,5565
7815,5567
7816,5565
7817,5567
7818,5565
7819,5567
7820,5565
7821,5567
7822,5565
7823,5567
7824,5565
7825,5567
7826,5565
7827,5567
7828,5565
7829,5567
7830,5565
7831,5567
7832,5565
7833,5567
7834,5565
7835,5567
7836,5565
7837,5567
7838,5565
7839,5567
7840,5565
7841,5567
7842,5565
7843,5567
7844,5565
7845,5567
7846,5565
7847,5567
7848,5565
7849,5567
7850,5565
7851,5567
7852,5565
7853,5567
7854,5565
7855,5567
7856,5565
7857,5567
7858,5565
7859,5567
7860,5565
7861,5567
7862,5565
7863,5567
7864,5565
7865,5567
7866,5565
7867,5567
7868,5565
7869,5567
7870,5565
7871,5567
7872,5565
7873,5567
7874,5565
7875,5567
7876,5565
7877,5567
7878,5565
7879,5567
7880,5565
7881,5567
7882,5565
7883,5567
7884,5565
7885,5567
7886,5565
7887,5567
7888,5565
7889,5567
7890,5565
7891,5567
7892,5565
7893,5567
7894,5565
7895,5567
7896,5565
7897,5567
7898,5565
7899,5567
7900,5565
7901,5567
7902,5565
7903,5567
7904,5565
7905,5567
7906,5565
7907,5567
7908,5565
7909,5567
7910,5565
7911,5567
7912,5565
7913,5567
7914,5565
7915,5567
7916,5565
7917,5567
7918,5565
7919,5567
7920,5565
7921,5567
7922,5565
7923,5567
7924,5565
7925,5567
7926,5565
7927,5567
7928,5565
7929,5567
7930,5565
7931,5567
7932,5565
7933,5567
7934,5565
7935,5567
7936,5565
7937,5567
7938,5565
7939,5567
7940,5565
7941,5567
7942,5565
7943,5567
7944,5565
7945,5567
7946,5565
7947,5567
7948,5565
7949,5567
7950,5565
7951,5567
7952,5565
7953,5567
7954,5565
7955,5567
7956,5565
7957,5567
7958,5565
7959,5567
7960,5565
7961,5567
7962,5565
7963,5567
7964,5565
7965,5567
7966,5565
7967,5567
7968,5565
7969,5567
7970,5565
7971,5567
7972,5565
7973,5567
7974,5565
7975,5567
7976,5565
7977,5567
7978,5565
7979,5567
7980,5565
7981,5567
7982,5565
7983,5567
7984,5565
7985,5567
7986,5565
7987,5567
7988,5565
7989,5567
7990,5565
7991,5567
7992,5565
7993,5567
7994,5565
7995,5567
7996,5565
7997,5567
7998,5565
7999,5567
8000,5565
8001,5567
8002,5565
8003,5567
8004,5565
8005,5567
8006,5565
8007,5567
8008,5565
8009,5567
8010,5565
8011,5567
8012,5565
8013,5567
8014,5565
8015,5567
8016,5565
8017,5567
8018,5565
8019,5567
8020,5565
8021,5567
8022,5565
8023,5567
8024,5565
8025,5567
8026,5565
8027,5567
8028,5565
8029,5567
8030,5565
8031,5567
8032,5565
8033,5567
8034,5565
8035,5567
8036,5565
8037,5567
8038,5565
8039,5567
8040,5565
8041,5567
8042,5565
8043,5567
8044,5565
8045,5567
8046,5565
8047,5567
8048,5565
8049,5567
8050,5565
8051,5567
8052,5565
8053,5567
8054,5565
8055,5567
8056,5565
8057,5567
8058,5565
8059,5567
8060,5565
8061,5567
8062,5565
8063,5567
8064,5565
8065,5567
8066,5565
8067,5567
8068,5565
8069,5567
8070,5565
8071,5567
8072,5565
8073,5567
8074,5565
8075,5567
8076,5565
8077,5567
8078,5565
8079,5567
8080,5565
8081,5567
8082,5565
8083,5567
8084,5565
8085,5567
8086,5565
8087,5567
8088,5565
8089,5567
8090,5565
8091,5567
8092,5565
8093,5567
8094,5565
8095,5567
8096,5565
8097,5567
8098,5565
8099,5567
8100,5565
8101,5567
8102,5565
8103,5567
8104,5565
8105,5567
8106,5565
8107,5567
8108,5565
8109,5567
8110,5565
8111,5567
8112,5565
8113,5567
8114,5565
8115,5567
8116,5565
8117,5567
8118,5565
8119,5567
8120,5565
8121,5567
8122,5565
8123,5567
8124,5565
8125,5567
8126,5565
8127,5567
8128,5565
8129,5567
8130,5565
8131,5567
8132,5565
8133,5567
8134,5565
8135,5567
8136,5565
8137,5567
8138,5565
8139,5567
8140,5565
8141,5567
8142,5565
8143,5567
8144,5565
8145,5567
8146,5565
8147,5567
8148,5565
8149,5567
8150,5565
8151,5567
8152,5565
8153,5567
8154,5565
8155,5567
8156,5565
8157,5567
8158,5565
8159,5567
8160,5565
8161,5567
8162,5565
8163,5567
8164,5565
8165,5567
8166,5565
8167,5567
8168,5565
8169,5567
8170,5565
8171,5567
8172,5565
8173,5567
8174,5565
8175,5567
8176,5565
8177,5567
8178,5565
8179,5567
8180,5565
8181,5567
8182,5565
8183,5567
8184,5565
8185,5567
8186,5565
8187,5567
8188,5565
8189,5567
8190,5565
8191,5567
8192,5565
8193,5567
8194,5565
8195,5567
8196,5565
8197,5567
8198,5565
8199,5567
8200,5565
8201,5567
8202,5565
8203,5567
8204,5565
8205,5567
8206,5565
8207,5567
8208,5565
8209,5567
8210,5565
8211,5567
8212,5565
8213,5567
8214,5565
8215,5567
8216,5565
8217,5567
8218,5565
8219,5567
8220,5565
8221,5567
8222,5565
8223,5567
8224,5565
8225,5567
8226,5565
8227,5567
8228,5565
8229,5567
8230,5565
8231,5567
8232,5565
8233,5567
8234,5565
8235,5567
8236,5565
8237,5567
8238,5565
8239,5567
8240,5565
8241,5567
8242,5565
8243,5567
8244,5565
8245,5567
8246,5565
8247,5567
8248,5565
8249,5567
8250,5565
8251,5567
8252,5565
8253,5567
8254,5565
8255,5567
8256,5565
8257,5567
8258,5565
8259,5567
8260,5565
8261,5567
8262,5565
8263,5567
8264,5565
8265,5567
8266,5565
8267,5567
8268,5565
8269,5567
8270,5565
8271,5567
8272,5565
8273,5567
8274,5565
8275,5567
8276,5565
8277,5567
8278,5565
8279,5567
8280,5565
8281,5567
8282,5565
8283,5567
8284,5565
8285,5567
8286,5565
8287,5567
8288,5565
8289,5567
8290,5565
8291,5567
8292,5565
8293,5567
8294,5565
8295,5567
8296,5565
8297,5567
8298,5565
8299,5567
8300,5565
8301,5567
8302,5565
8303,5567
8304,5565
8305,5567
8306,5565
8307,5567
8308,5565
8309,5567
8310,5565
8311,5567
8312,5565
8313,5567
8314,5565
8315,5567
8316,5565
8317,5567
8318,5565
8319,5567
8320,5565
8321,5567
8322,5565
8323,5567
8324,5565
8325,5567
8326,5565
8327,5567
8328,5565
8329,5567
8330,5565
8331,5567
8332,5565
8333,5567
8334,5565
8335,5567
8336,5565
8337,5567
8338,5565
8339,5567
8340,5565
8341,5567
8342,5565
8343,5567
8344,5565
8345,5567
8346,5565
8347,5567
8348,5565
8349,5567
8350,5565
8351,5567
8352,5565
8353,5567
8354,5565
8355,5567
8356,5565
8357,5567
8358,5565
8359,5567
8360,5565
8361,5567
8362,5565
8363,5567
8364,5565
8365,5567
8366,5565
8367,5567
8368,5565
8369,5567
8370,5565
8371,5567
8372,5565
8373,5567
8374,5565
8375,5567
8376,5565
8377,5567
8378,5565
8379,5567
8380,5565
8381,5567
8382,5565
8383,5567
8384,5565
8385,5567
8386,5565
8387,5567
8388,5565
8389,5567
8390,5565
8391,5567
8392,5565
8393,5567
8394,5565
8395,5567
8396,5565
8397,5567
8398,5565
8399,5567
8400,5565
8401,5567
8402,5565
8403,5567
8404,5565
8405,5567
8406,5565
8407,5567
8408,5565
8409,5567
8410,5565
8411,5567
8412,5565
8413,5567
8414,5565
8415,5567
8416,5565
8417,5567
8418,5565
8419,5567
8420,5565
8421,5567
8422,5565
8423,5567
8424,5565
8425,5567
8426,5565
8427,5567
8428,5565
8429,5567
8430,5565
8431,5567
8432,5565
8433,5567
8434,5565
8435,5567
8436,5565
8437,5567
8438,5565
8439,5567
8440,5565
8441,5567
8442,5565
8443,5567
8444,5565
8445,5567
8446,5565
8447,5567
8448,5565
8449,5567
8450,5565
8451,5567
8452,5565
8453,5567
8454,5565
8455,5567
8456,5565
8457,5567
8458,5565
8459,5567
8460,5565
8461,5567
8462,5565
8463,5567
8464,5565
8465,5567
8466,5565
8467,5567
8468,5565
8469,5567
8470,5565
8471,5567
8472,5565
8473,5567
8474,5565
8475,5567
8476,5565
8477,5567
8478,5565
8479,5567
8480,5565
8481,5567
8482,5565
8483,5567
8484,5565
8485,5567
8486,5565
8487,5567
8488,5565
8489,5567
8490,5565
8491,5567
8492,5565
8493,5567
8494,5565
8495,5567
8496,5565
8497,5567
8498,5565
8499,5567
8500,5565
8501,5567
8502,5565
8503,5567
8504,5565
8505,5567
8506,5565
8507,5567
8508,5565
8509,5567
8510,5565
8511,5567
8512,5565
8513,5567
8514,5565
8515,5567
8516,5565
8517,5567
8518,5565
8519,5567
8520,5565
8521,5567
8522,5565
8523,5567
8524,5565
8525,5567
8526,5565
8527,5567
8528,5565
8529,5567
8530,5565
8531,5567
8532,5565
8533,5567
8534,5565
8535,5567
8536,5565
8537,5567
8538,5565
8539,5567
8540,5565
8541,5567
8542,5565
8543,5567
8544,5565
8545,5567
8546,5565
8547,5567
8548,5565
8549,5567
8550,5565
8551,5567
8552,5565
8553,5567
8554,5565
8555,5567
8556,5565
8557,5567
8558,5565
8559,5567
8560,5565
8561,5567
8562,5565
8563,5567
8564,5565
8565,5567
8566,5565
8567,5567
8568,5565
8569,5567
8570,5565
8571,5567
8572,5565
8573,5567
8574,5565
8575,5567
8576,5565
8577,5567
8578,5565
8579,5567
8580,5565
8581,5567
8582,5565
8583,5567
8584,5565
8585,5567
8586,5565
8587,5567
8588,5565
8589,5567
8590,5565
8591,5567
8592,5565
8593,5567
8594,5565
8595,5567
8596,5565
8597,5567
8598,5565
8599,5567
8600,5565
8601,5567
8602,5565
8603,5567
8604,5565
8605,5567
8606,5565
8607,5567
8608,5565
8609,5567
8610,5565
8611,5567
8612,5565
8613,5567
8614,5565
8615,5567
8616,5565
8617,5567
8618,5565
8619,5567
8620,5565
8621,5567
8622,5565
8623,5567
8624,5565
8625,5567
8626,5565
8627,5567
8628,5565
8629,5567
8630,5565
8631,5567
8632,5565
8633,5567
8634,5565
8635,5567
8636,5565
8637,5567
8638,5565
8639,5567
8640,5565
8641,5567
8642,5565
8643,5567
8644,5565
8645,5567
8646,5565
8647,5567
8648,5565
8649,5567
8650,5565
8651,5567
8652,5565
8653,5567
8654,5565
8655,5567
8656,5565
8657,5567
8658,5565
8659,5567
8660,5565
8661,5567
8662,5565
8663,5567
8664,5565
8665,5567
8666,5565
8667,5567
8668,5565
8669,5567
8670,5565
8671,5567
8672,5565
8673,5567
8674,5565
8675,5567
8676,5565
8677,5567
8678,5565
8679,5567
8680,5565
8681,5567
8682,5565
8683,5567
8684,5565
8685,5567
8686,5565
8687,5567
8688,5565
8689,5567
8690,5565
8691,5567
8692,5565
8693,5567
8694,5565
8695,5567
8696,5565
8697,5567
8698,5565
8699,5567
8700,5565
8701,5567
8702,5565
8703,5567
8704,5565
8705,5567
8706,5565
8707,5567
8708,5565
8709,5567
8710,5565
8711,5567
8712,5565
8713,5567
8714,5565
8715,5567
8716,5565
8717,5567
8718,5565
8719,5567
8720,5565
8721,5567
8722,5565
8723,5567
8724,5565
8725,5567
8726,5565
8727,5567
8728,5565
8729,5567
8730,5565
8731,5567
8732,5565
8733,5567
8734,5565
8735,5567
8736,5565
8737,5567
8738,5565
8739,5567
8740,5565
8741,5567
8742,5565
8743,5567
8744,5565
8745,5567
8746,5565
8747,5567
8748,5565
8749,5567
8750,5565
8751,5567
8752,5565
8753,5567
8754,5565
8755,5567
8756,5565
8757,5567
8758,5565
8759,5567
8760,5565
8761,5567
8762,5565
8763,5567
8764,5565
8765,5567
8766,5565
8767,5567
8768,5565
8769,5567
8770,5565
8771,5567
8772,5565
8773,5567
8774,5565
8775,5567
8776,5565
8777,5567
8778,5565
8779,5567
8780,5565
8781,5567
8782,5565
8783,5567
8784,5565
8785,5567
8786,5565
8787,5567
8788,5565
8789,5567
8790,5565
8791,5567
8792,5565
8793,5567
8794,5565
8795,5567
8796,5565
8797,5567
8798,5565
8799,5567
8800,5565
8801,5567
8802,5565
8803,5567
8804,5565
8805,5567
8806,5565
8807,5567
8808,5565
8809,5567
8810,5565
8811,5567
8812,5565
8813,5567
8814,5565
8815,5567
8816,5565
8817,5567
8818,5565
8819,5567
8820,5565
8821,5567
8822,5565
8823,5567
8824,5565
8825,5567
8826,5565
8827,5567
8828,5565
8829,5567
8830,5565
8831,5567
8832,5565
8833,5567
8834,5565
8835,5567
8836,5565
8837,5567
8838,5565
8839,5567
8840,5565
8841,5567
8842,5565
8843,5567
8844,5565
8845,5567
8846,5565
8847,5567
8848,5565
8849,5567
8850,5565
8851,5567
8852,5565
8853,5567
8854,5565
8855,5567
8856,5565
8857,5567
8858,5565
8859,5567
8860,5565
8861,5567
8862,5565
8863,5567
8864,5565
8865,5567
8866,5565
8867,5567
8868,5565
8869,5567
8870,5565
8871,5567
8872,5565
8873,5567
8874,5565
8875,5567
8876,5565
8877,5567
8878,5565
8879,5567
8880,5565
8881,5567
8882,5565
8883,5567
8884,5565
8885,5567
8886,5565
8887,5567
8888,5565
8889,5567
8890,5565
8891,5567
8892,5565
8893,5567
8894,5565
8895,5567
8896,5565
8897,5567
8898,5565
8899,5567
8900,5565
8901,5567
8902,5565
8903,5567
8904,5565
8905,5567
8906,5565
8907,5567
8908,5565
8909,5567
8910,5565
8911,5567
8912,5565
8913,5567
8914,5565
8915,5567
8916,5565
8917,5567
8918,5565
8919,5567
8920,5565
8921,5567
8922,5565
8923,5567
8924,5565
8925,5567
8926,5565
8927,5567
8928,5565
8929,5567
8930,5565
8931,5567
8932,5565
8933,5567
8934,5565
8935,5567
8936,5565
8937,5567
8938,5565
8939,5567
8940,5565
8941,5567
8942,5565
8943,5567
8944,5565
8945,5567
8946,5565
8947,5567
8948,5565
8949,5567
8950,5565
8951,5567
8952,5565
8953,5567
8954,5565
8955,5567
8956,5565
8957,5567
8958,5565
8959,5567
8960,5565
8961,5567
8962,5565
8963,5567
8964,5565
8965,5567
8966,5565
8967,5567
8968,5565
8969,5567
8970,5565
8971,5567
8972,5565
8973,5567
8974,5565
8975,5567
8976,5565
8977,5567
8978,5565
8979,5567
8980,5565
8981,5567
8982,5565
8983,5567
8984,5565
8985,5567
8986,5565
8987,5567
8988,5565
8989,5567
8990,5565
8991,5567
8992,5565
8993,5567
8994,5565
8995,5567
8996,5565
8997,5567
8998,5565
8999,5567
9000,5565
9001,5567
9002,5565
9003,5567
9004,5565
9005,5567
9006,5565
9007,5567
9008,5565
9009,5567
9010,5565
9011,5567
9012,5565
9013,5567
9014,5565
9015,5567
9016,5565
9017,5567
9018,5565
9019,5567
9020,5565
9021,5567
9022,5565
9023,5567
9024,5565
9025,5567
9026,5565
9027,5567
9028,5565
9029,5567
9030,5565
9031,5567
9032,5565
9033,5567
9034,5565
9035,5567
9036,5565
9037,5567
9038,5565
9039,5567
9040,5565
9041,5567
9042,5565
9043,5567
9044,5565
9045,5567
9046,5565
9047,5567
9048,5565
9049,5567
9050,5565
9051,5567
9052,5565
9053,5567
9054,5565
9055,5567
9056,5565
9057,5567
9058,5565
9059,5567
9060,5565
9061,5567
9062,5565
9063,5567
9064,5565
9065,5567
9066,5565
9067,5567
9068,5565
9069,5567
9070,5565
9071,5567
9072,5565
9073,5567
9074,5565
9075,5567
9076,5565
9077,5567
9078,5565
9079,5567
9080,5565
9081,5567
9082,5565
9083,5567
9084,5565
9085,5567
9086,5565
9087,5567
9088,5565
9089,5567
9090,5565
9091,5567
9092,5565
9093,5567
9094,5565
9095,5567
9096,5565
9097,5567
9098,5565
9099,5567
9100,5565
9101,5567
9102,5565
9103,5567
9104,5565
9105,5567
9106,5565
9107,5567
9108,5565
9109,5567
9110,5565
9111,5567
9112,5565
9113,5567
9114,5565
9115,5567
9116,5565
9117,5567
9118,5565
9119,5567
9120,5565
9121,5567
9122,5565
9123,5567
9124,5565
9125,5567
9126,5565
9127,5567
9128,5565
9129,5567
9130,5565
9131,5567
9132,5565
9133,5567
9134,5565
9135,5567
9136,5565
9137,5567
9138,5565
9139,5567
9140,5565
9141,5567
9142,5565
9143,5567
9144,5565
9145,5567
9146,5565
9147,5567
9148,5565
9149,5567
9150,5565
9151,5567
9152,5565
9153,5567
9154,5565
9155,5567
9156,5565
9157,5567
9158,5565
9159,5567
9160,5565
9161,5567
9162,5565
9163,5567
9164,5565
9165,5567
9166,5565
9167,5567
9168,5565
9169,5567
9170,5565
9171,5567
9172,5565
9173,5567
9174,5565
9175,5567
9176,5565
9177,5567
9178,5565
9179,5567
9180,5565
9181,5567
9182,5565
9183,5567
9184,5565
9185,5567
9186,5565
9187,5567
9188,5565
9189,5567
9190,5565
9191,5567
9192,5565
9193,5567
9194,5565
9195,5567
9196,5565
9197,5567
9198,5565
9199,5567
9200,5565
9201,5567
9202,5565
9203,5567
9204,5565
9205,5567
9206,5565
9207,5567
9208,5565
9209,5567
9210,5565
9211,5567
9212,5565
9213,5567
9214,5565
9215,5567
9216,5565
9217,5567
9218,5565
9219,5567
9220,5565
9221,5567
9222,5565
9223,5567
9224,5565
9225,5567
9226,5565
9227,5567
9228,5565
9229,5567
9230,5565
9231,5567
9232,5565
9233,5567
9234,5565
9235,5567
9236,5565
9237,5567
9238,5565
9239,5567
9240,5565
9241,5567
9242,5565
9243,5567
9244,5565
9245,5567
9246,5565
9247,5567
9248,5565
9249,5567
9250,5565
9251,5567
9252,5565
9253,5567
9254,5565
9255,5567
9256,5565
9257,5567
9258,5565
9259,5567
9260,5565
9261,5567
9262,5565
9263,5567
9264,5565
9265,5567
9266,5565
9267,5567
9268,5565
9269,5567
9270,5565
9271,5567
9272,5565
9273,5567
9274,5565
9275,5567
9276,5565
9277,5567
9278,5565
9279,5567
9280,5565
9281,5567
9282,5565
9283,5567
9284,5565
9285,5567
9286,5565
9287,5567
9288,5565
9289,5567
9290,5565
9291,5567
9292,5565
9293,5567
9294,5565
9295,5567
9296,5565
9297,5567
9298,5565
9299,5567
9300,5565
9301,5567
9302,5565
9303,5567
9304,5565
9305,5567
9306,5565
9307,5567
9308,5565
9309,5567
9310,5565
9311,5567
9312,5565
9313,5567
9314,5565
9315,5567
9316,5565
9317,5567
9318,5565
9319,5567
9320,5565
9321,5567
9322,5565
9323,5567
9324,5565
9325,5567
9326,5565
9327,5567
9328,5565
9329,5567
9330,5565
9331,5567
9332,5565
9333,5567
9334,5565
9335,5567
9336,5565
9337,5567
9338,5565
9339,5567
9340,5565
9341,5567
9342,5565
9343,5567
9344,5565
9345,5567
9346,5565
9347,5567
9348,5565
9349,5567
9350,5565
9351,5567
9352,5565
9353,5567
9354,5565
9355,5567
9356,5565
9357,5567
9358,5565
9359,5567
9360,5565
9361,5567
9362,5565
9363,5567
9364,5565
9365,5567
9366,5565
9367,5567
9368,5565
9369,5567
9370,5565
9371,5567
9372,5565
9373,5567
9374,5565
9375,5567
9376,5565
9377,5567
9378,5565
9379,5567
9380,5565
9381,5567
9382,5565
9383,5567
9384,5565
9385,5567
9386,5565
9387,5567
9388,5565
9389,5567
9390,5565
9391,5567
9392,5565
9393,5567
9394,5565
9395,5567
9396,5565
9397,5567
9398,5565
9399,5567
9400,5565
9401,5567
9402,5565
9403,5567
9404,5565
9405,5567
9406,5565
9407,5567
9408,5565
9409,5567
9410,5565
9411,5567
9412,5565
9413,5567
9414,5565
9415,5567
9416,5565
9417,5567
9418,5565
9419,5567
9420,5565
9421,5567
9422,5565
9423,5567
9424,5565
9425,5567
9426,5565
9427,5567
9428,5565
9429,5567
9430,5565
9431,5567
9432,5565
9433,5567
9434,5565
9435,5567
9436,5565
9437,5567
9438,5565
9439,5567
9440,5565
9441,5567
9442,5565
9443,5567
9444,5565
9445,5567
9446,5565
9447,5567
9448,5565
9449,5567
9450,5565
9451,5567
9452,5565
9453,5567
9454,5565
9455,5567
9456,5565
9457,5567
9458,5565
9459,5567
9460,5565
9461,5567
9462,5565
9463,5567
9464,5565
9465,5567
9466,5565
9467,5567
9468,5565
9469,5567
9470,5565
9471,5567
9472,5565
9473,5567
9474,5565
9475,5567
9476,5565
9477,5567
9478,5565
9479,5567
9480,5565
9481,5567
9482,5565
9483,5567
9484,5565
9485,5567
9486,5565
9487,5567
9488,5565
9489,5567
9490,5565
9491,5567
9492,5565
9493,5567
9494,5565
9495,5567
9496,5565
9497,5567
9498,5565
9499,5567
9500,5565
9501,5567
9502,5565
9503,5567
9504,5565
9505,5567
9506,5565
9507,5567
9508,5565
9509,5567
9510,5565
9511,5567
9512,5565
9513,5567
9514,5565
9515,5567
9516,5565
9517,5567
9518,5565
9519,5567
9520,5565
9521,5567
9522,5565
9523,5567
9524,5565
9525,5567
9526,5565
9527,5567
9528,5565
9529,5567
9530,5565
9531,5567
9532,5565
9533,5567
9534,5565
9535,5567
9536,5565
9537,5567
9538,5565
9539,5567
9540,5565
9541,5567
9542,5565
9543,5567
9544,5565
9545,5567
9546,5565
9547,5567
9548,5565
9549,5567
9550,5565
9551,5567
9552,5565
9553,5567
9554,5565
9555,5567
9556,5565
9557,5567
9558,5565
9559,5567
9560,5565
9561,5567
9562,5565
9563,5567
9564,5565
9565,5567
9566,5565
9567,5567
9568,5565
9569,5567
9570,5565
9571,5567
9572,5565
9573,5567
9574,5565
9575,5567
9576,5565
9577,5567
9578,5565
9579,5567
9580,5565
9581,5567
9582,5565
9583,5567
9584,5565
9585,5567
9586,5565
9587,5567
9588,5565
9589,5567
9590,5565
9591,5567
9592,5565
9593,5567
9594,5565
9595,5567
9596,5565
9597,5567
9598,5565
9599,5567
9600,5565
9601,5567
9602,5565
9603,5567
9604,5565
9605,5567
9606,5565
9607,5567
9608,5565
9609,5567
9610,5565
9611,5567
9612,5565
9613,5567
9614,5565
9615,5567
9616,5565
9617,5567
9618,5565
9619,5567
9620,5565
9621,5567
9622,5565
9623,5567
9624,5565
9625,5567
9626,5565
9627,5567
9628,5565
9629,5567
9630,5565
9631,5567
9632,5565
9633,5567
9634,5565
9635,5567
9636,5565
9637,5567
9638,5565
9639,5567
9640,5565
9641,5567
9642,5565
9643,5567
9644,5565
9645,5567
9646,5565
9647,5567
9648,5565
9649,5567
9650,5565
9651,5567
9652,5565
9653,5567
9654,5565
9655,5567
9656,5565
9657,5567
9658,5565
9659,5567
9660,5565
9661,5567
9662,5565
9663,5567
9664,5565
9665,5567
9666,5565
9667,5567
9668,5565
9669,5567
9670,5565
9671,5567
9672,5565
9673,5567
9674,5565
9675,5567
9676,5565
9677,5567
9678,5565
9679,5567
9680,5565
9681,5567
9682,5565
9683,5567
9684,5565
9685,5567
9686,5565
9687,5567
9688,5565
9689,5567
9690,5565
9691,5567
9692,5565
9693,5567
9694,5565
9695,5567
9696,5565
9697,5567
9698,5565
9699,5567
9700,5565
9701,5567
9702,5565
9703,5567
9704,5565
9705,5567
9706,5565
9707,5567
9708,5565
9709,5567
9710,5565
9711,5567
9712,5565
9713,5567
9714,5565
9715,5567
9716,5565
9717,5567
9718,5565
9719,5567
9720,5565
9721,5567
9722,5565
9723,5567
9724,5565
9725,5567
9726,5565
9727,5567
9728,5565
9729,5567
9730,5565
9731,5567
9732,5565
9733,5567
9734,5565
9735,5567
9736,5565
9737,5567
9738,5565
9739,5567
9740,5565
9741,5567
9742,5565
9743,5567
9744,5565
9745,5567
9746,5565
9747,5567
9748,5565
9749,5567
9750,5565
9751,5567
9752,5565
9753,5567
9754,5565
9755,5567
9756,5565
9757,5567
9758,5565
9759,5567
9760,5565
9761,5567
9762,5565
9763,5567
9764,5565
9765,5567
9766,5565
9767,5567
9768,5565
9769,5567
9770,5565
9771,5567
9772,5565
9773,5567
9774,5565
9775,5567
9776,5565
9777,5567
9778,5565
9779,5567
9780,5565
9781,5567
9782,5565
9783,5567
9784,5565
9785,5567
9786,5565
9787,5567
9788,5565
9789,5567
9790,5565
9791,5567
9792,5565
9793,5567
9794,5565
9795,5567
9796,5565
9797,5567
9798,5565
9799,5567
9800,5565
9801,5567
9802,5565
9803,5567
9804,5565
9805,5567
9806,5565
9807,5567
9808,5565
9809,5567
9810,5565
9811,5567
9812,5565
9813,5567
9814,5565
9815,5567
9816,5565
9817,5567
9818,5565
9819,5567
9820,5565
9821,5567
9822,5565
9823,5567
9824,5565
9825,5567
9826,5565
9827,5567
9828,5565
9829,5567
9830,5565
9831,5567
9832,5565
9833,5567
9834,5565
9835,5567
9836,5565
9837,5567
9838,5565
9839,5567
9840,5565
9841,5567
9842,5565
9843,5567
9844,5565
9845,5567
9846,5565
9847,5567
9848,5565
9849,5567
9850,5565
9851,5567
9852,5565
9853,5567
9854,5565
9855,5567
9856,5565
9857,5567
9858,5565
9859,5567
9860,5565
9861,5567
9862,5565
9863,5567
9864,5565
9865,5567
9866,5565
9867,5567
9868,5565
9869,5567
9870,5565
9871,5567
9872,5565
9873,5567
9874,5565
9875,5567
9876,5565
9877,5567
9878,5565
9879,5567
9880,5565
9881,5567
9882,5565
9883,5567
9884,5565
9885,5567
9886,5565
9887,5567
9888,5565
9889,5567
9890,5565
9891,5567
9892,5565
9893,5567
9894,5565
9895,5567
9896,5565
9897,5567
9898,5565
9899,5567
9900,5565
9901,5567
9902,5565
9903,5567
9904,5565
9905,5567
9906,5565
9907,5567
9908,5565
9909,5567
9910,5565
9911,5567
9912,5565
9913,5567
9914,5565
9915,5567
9916,5565
9917,5567
9918,5565
9919,5567
9920,5565
9921,5567
9922,5565
9923,5567
9924,5565
9925,5567
9926,5565
9927,5567
9928,5565
9929,5567
9930,5565
9931,5567
9932,5565
9933,5567
9934,5565
9935,5567
9936,5565
9937,5567
9938,5565
9939,5567
9940,5565
9941,5567
9942,5565
9943,5567
9944,5565
9945,5567
9946,5565
9947,5567
9948,5565
9949,5567
9950,5565
9951,5567
9952,5565
9953,5567
9954,5565
9955,5567
9956,5565
9957,5567
9958,5565
9959,5567
9960,5565
9961,5567
9962,5565
9963,5567
9964,5565
9965,5567
9966,5565
9967,5567
9968,5565
9969,5567
9970,5565
9971,5567
9972,5565
9973,5567
9974,5565
9975,5567
9976,5565
9977,5567
9978,5565
9979,5567
9980,5565
9981,5567
9982,5565
9983,5567
9984,5565
9985,5567
9986,5565
9987,5567
9988,5565
9989,5567
9990,5565
9991,5567
9992,5565
9993,5567
9994,5565
9995,5567
9996,5565
9997,5567
9998,5565
9999,5567
10000,5565
